Sensor_ID,Importance_Rank,Total_Gain_Pct,Gain,Split_Count,Feature_ID,Pass_N,Fail_N,Pass_Mean,Fail_Mean,F_stat,p_value,Eta_Squared,BH_Adjusted_p,BH_Significant,Bonferroni_Adjusted_p,Bonferroni_Significant,XGB_Sensor_Rank,ANOVA_Eta_Rank,XGB_Top20,Evidence_Group
95,1,7.753176252651399,86.7589111328125,19.0,95,1457,104,5.833905284831847e-05,8.365384615384616e-05,5.723800849205804,0.0168542508048994,0.0036580263213861,0.1988801594978136,False,1.0,False,1,58,True,C_XGB_Only
419,2,6.573710727128865,69.88253021240234,20.0,419,1461,104,307.8241862422998,326.44035576923073,0.3175382571628296,0.5731716636987255,0.0002031182081644,1.0,False,1.0,False,2,310,True,C_XGB_Only
511,3,6.2684036520631174,66.63693237304688,20.0,511,1461,104,271.14984818617387,343.82616923076927,4.729821086480389,0.0297934846714869,0.003016987380646,0.2663356963057166,False,1.0,False,3,71,True,C_XGB_Only
59,4,4.654833262446421,44.98518371582031,22.0,59,1456,104,2.563464217032967,8.515123076923079,38.75706032249528,6.158394323177982e-10,0.0242723588237446,3.6334526506750097e-07,True,3.633452650675009e-07,True,4,1,True,A_Strong_Overlap
486,5,4.188049754847368,59.36201095581055,15.0,486,1439,104,300.5426724113968,329.67441057692304,0.996770463937372,0.3182499674640628,0.0006464154030863,0.8580564134492259,False,1.0,False,5,223,True,C_XGB_Only
33,6,3.1414845755358862,33.3958854675293,20.0,33,1462,104,8.931261764705882,9.368187499999998,10.31545044984226,0.0013460415775425,0.0065523402231075,0.0283630189553604,True,0.794164530750092,False,6,33,True,B_Overlap_BH
500,7,2.984661305788485,52.88126754760742,12.0,500,1461,104,239.7205577686516,258.69346057692303,0.3348403753406481,0.5629060755368941,0.0002141834024886,1.0,False,1.0,False,7,307,True,C_XGB_Only
111,8,2.921892267015963,51.76914596557617,12.0,111,519,30,231.8765227360308,230.82198333333332,7.195969658958011,0.0075277161873833,0.0129845218170492,0.1032872686175858,False,1.0,False,8,8,True,C_XGB_Only
129,9,2.3368626177053393,22.583879470825195,22.0,129,1454,104,-0.5879594222833563,-0.0826413461538461,16.806848892019207,4.351955026227231e-05,0.0106858950314585,0.0021397112212283,True,0.0256765346547406,True,9,16,True,A_Strong_Overlap
31,10,2.271938236456626,37.157047271728516,13.0,31,1462,103,3.680182421340629,3.5739291262135926,3.797530631664941,0.0515069453454256,0.0024237532657674,0.3376566417089011,False,1.0,False,10,99,True,C_XGB_Only
433,11,1.9707153459152225,41.89979934692383,10.0,433,1462,103,202.657510875513,246.1401019417476,3.574776344825317,0.0588481598718867,0.0022819059765318,0.3638554654742289,False,1.0,False,11,105,True,C_XGB_Only
213,12,1.68112521880219,51.06108856201172,7.0,213,1439,104,0.0597189020152883,0.0690249999999999,2.990802066793323,0.0839389390089106,0.0019370595101925,0.4313433177828872,False,1.0,False,12,121,True,C_XGB_Only
561,13,1.4724444033361797,44.7227897644043,7.0,561,1462,104,32.15216190150479,34.15173365384616,1.0724680124191006,0.3005487366952221,0.0006852513441636,0.8247616495357258,False,1.0,False,13,221,True,C_XGB_Only
382,14,1.3757783841556026,36.56339645385742,8.0,382,519,30,0.0018897880539499,0.0007166666666666,0.0544917321106426,0.8155112459277485,9.960933130830924e-05,1.0,False,1.0,False,14,353,True,C_XGB_Only
75,15,1.262027371661325,20.640178680419922,13.0,75,1439,104,-0.0070705350938151,-0.0045855769230769,1.2053679303305975,0.272422950406492,0.0007815871708112,0.7727381766337994,False,1.0,False,15,213,True,C_XGB_Only
351,16,1.2473840759277046,37.88699722290039,7.0,351,1439,104,0.0272998610145934,0.0315192307692307,2.865421568570065,0.0907041275656854,0.0018560047582766,0.4386511087192986,False,1.0,False,16,131,True,C_XGB_Only
560,17,1.193523049236621,42.292911529541016,6.0,560,1462,104,0.0721676470588235,0.0763201923076923,0.6292000316087586,0.4277692158839317,0.0004021400288298,0.9596343626293524,False,1.0,False,17,273,True,C_XGB_Only
183,18,1.1700460932730976,24.876598358154297,10.0,183,1462,104,26.559824076607388,28.08586538461539,4.850335449048524,0.0277862250561699,0.0030916495598416,0.2663356963057166,False,1.0,False,18,66,True,C_XGB_Only
130,19,1.142085562771912,30.3526554107666,8.0,130,1454,104,0.7432802613480054,0.7686903846153847,9.24914759713794,0.0023954179641203,0.0059090577441532,0.041567547024441,True,1.0,False,19,39,True,B_Overlap_BH
487,20,1.065768769784784,45.31907272338867,5.0,487,1439,104,240.27580340514243,228.10276057692312,0.2063618449369824,0.6496979969924244,0.0001338963100891,1.0,False,1.0,False,20,340,True,C_XGB_Only
477,21,1.0186187871449992,18.04755973815918,12.0,477,1457,104,6.105093548387096,8.398981730769231,4.936335326215242,0.0264408431910646,0.0031563531166283,0.2663356963057166,False,1.0,False,21,62,False,F_Lower_Priority
175,22,1.0019084955850344,23.668655395507812,9.0,175,1462,104,0.776713269493844,0.7967451923076924,2.8829139516594715,0.0897228081470626,0.0018399038792176,0.4374913785683222,False,1.0,False,22,132,False,F_Lower_Priority
103,23,0.9140848923543285,32.39092254638672,6.0,103,1461,104,-0.0099126625598904,-0.0080528846153846,36.56998586109344,1.8390389964533638e-09,0.0228623856313525,5.425165039537423e-07,True,1.0850330079074846e-06,True,23,2,False,D_ANOVA_Strong_Only
385,24,0.9027908748132653,23.9930362701416,8.0,385,781,71,0.011244942381562,0.0134295774647887,1.5060400137008791,0.2200841208106952,0.0017686780162788,0.7057045178169032,False,1.0,False,24,135,False,F_Lower_Priority
126,25,0.8926140010183523,31.630094528198242,6.0,126,1454,104,2.746995873452545,2.802913461538462,4.734910370736708,0.0297064095710204,0.003033769757615,0.2663356963057166,False,1.0,False,25,70,False,F_Lower_Priority
281,26,0.870781685044986,20.570972442626953,9.0,281,1461,104,0.0151646132785763,0.0141028846153846,3.564752777927203,0.0592036011619084,0.0022755221395132,0.3638554654742289,False,1.0,False,26,106,False,F_Lower_Priority
15,27,0.853089963398383,15.11477279663086,12.0,15,1460,104,413.0992897260274,412.8999653846153,0.0129979327115431,0.9092457256644226,8.32127051999857e-06,1.0,False,1.0,False,27,448,False,F_Lower_Priority
247,28,0.814218657525249,34.62255096435547,5.0,247,781,71,0.0517413572343149,0.0713281690140845,5.612413943632889,0.0180563020477599,0.0065595284175045,0.2048695809265074,False,1.0,False,28,32,False,F_Lower_Priority
102,29,0.7919970708542649,21.04852294921875,8.0,102,1457,104,0.0018416609471516,-0.0090711538461538,2.9191899536740684,0.0877308442948245,0.0018689763032879,0.4313433177828872,False,1.0,False,29,130,False,F_Lower_Priority
392,30,0.7160356739760237,21.748266220092773,7.0,392,1463,104,0.0045495557074504,0.0042971153846153,0.7082189706297672,0.4001642766705559,0.0004523313871951,0.9365328817788218,False,1.0,False,30,260,False,F_Lower_Priority
430,31,0.6591766744140716,23.3581600189209,6.0,430,1462,103,17.368449863201093,33.37019805825242,19.16758392747461,1.2767722928083028e-05,0.0121147621289864,0.0010761366467955,True,0.0075329565275689,True,31,10,False,D_ANOVA_Strong_Only
245,32,0.6536185146707617,19.852460861206055,7.0,245,519,30,1.7532115606936416,1.3233766666666666,0.2783851552203996,0.5979755460093062,0.0005086719351093,1.0,False,1.0,False,32,248,False,F_Lower_Priority
124,33,0.6413206753657639,22.725425720214844,6.0,124,1454,104,15.791836313617605,15.834807692307692,13.86947332007595,0.0002029478402181,0.0088347939467505,0.0074837016080431,True,0.119739225728691,False,33,20,False,E_ANOVA_BH_Only
345,34,0.6138427142175986,21.751733779907227,6.0,345,705,68,7.9753129078014195,7.782777941176471,0.0074861699863169,0.9310734113598012,9.709594421066984e-06,1.0,False,1.0,False,34,444,False,F_Lower_Priority
341,35,0.6025286015815254,16.013111114501953,8.0,341,1457,104,2.683375909402883,3.414610576923077,3.865137957700688,0.0494763627272867,0.0024731103559911,0.331789024609373,False,1.0,False,35,96,False,F_Lower_Priority
131,36,0.5914088013373773,15.717585563659668,8.0,131,1454,104,0.9977975240715268,0.9979596153846154,0.5032962408624797,0.478161640072177,0.0003233505782338,1.0,False,1.0,False,36,289,False,F_Lower_Priority
205,37,0.5770270647957678,20.447158813476562,6.0,205,1457,104,8.88474262182567,11.367019230769232,4.500602774823615,0.0340403094948195,0.0028785423982799,0.2889099949011545,False,1.0,False,37,76,False,F_Lower_Priority
188,38,0.5637045909498609,19.975072860717773,6.0,188,1462,104,42.93837346101231,47.04979807692308,3.4871333856725566,0.0620345253972947,0.0022246647589001,0.3671120553102328,False,1.0,False,38,109,False,F_Lower_Priority
244,39,0.5165944396591136,27.458560943603516,4.0,244,519,30,0.0059566473988439,0.0022666666666666,0.05383842563098,0.8166006479665829,9.841522323638567e-05,1.0,False,1.0,False,39,354,False,F_Lower_Priority
200,40,0.51482208816335,21.891483306884766,5.0,200,1456,104,17.459471153846152,19.570288461538464,5.743537431765822,0.016666682004039,0.0036729407951375,0.1988801594978136,False,1.0,False,40,56,False,F_Lower_Priority
588,41,0.49990919519971433,15.183822631835938,7.0,588,1462,104,0.0052595075239398,0.0056182692307692,1.5207876037250188,0.2176856566212224,0.0009714260045392,0.7057045178169032,False,1.0,False,41,188,False,F_Lower_Priority
65,42,0.49367738328030014,20.992359161376953,5.0,65,1456,104,27.027495535714284,28.592296153846156,4.6973092745106575,0.0303609422424894,0.0030058983570474,0.2673575510905788,False,1.0,False,42,72,False,F_Lower_Priority
446,43,0.49271156277639294,20.951290130615234,5.0,446,1462,104,1.173051162790698,1.202444230769231,2.706114817263156,0.1001651294463345,0.0017272638382334,0.4581195842894372,False,1.0,False,43,139,False,F_Lower_Priority
121,44,0.4746364913083804,20.182695388793945,5.0,121,1454,104,15.794160935350757,15.828076923076924,11.324953797309425,0.0007833319638826,0.0072256578126131,0.0200941677691633,True,0.4621658586907562,False,44,26,False,E_ANOVA_BH_Only
435,45,0.46851800137118194,49.806304931640625,2.0,435,1462,103,8.376003761969905,23.48906893203884,18.81659410421023,1.531226170477169e-05,0.0118955599368118,0.0011143074542434,True,0.0090342344058152,True,45,11,False,D_ANOVA_Strong_Only
161,46,0.45491207903334263,19.343965530395508,5.0,161,1462,103,4088.8953488372094,3753.941747572816,0.6005533308841462,0.4384842030843957,0.0003840836008946,0.9689351304112114,False,1.0,False,46,276,False,F_Lower_Priority
160,47,0.45444540633583896,19.324121475219727,5.0,160,1462,103,541.6046511627907,750.3980582524272,12.79143617438688,0.0003588170728054,0.0081174677566729,0.0117612262752895,True,0.2117020729552127,False,47,22,False,E_ANOVA_BH_Only
416,48,0.4489854613693893,15.909958839416504,6.0,416,1454,104,3.4160290921595595,3.2410451923076926,2.775090706579894,0.0959425179888112,0.0017803021892798,0.4565006904306343,False,1.0,False,48,134,False,F_Lower_Priority
100,49,0.4339048461306186,18.450687408447266,5.0,100,1457,104,-2.7453671928620443e-05,6.538461538461539e-05,6.642681492377493,0.0100475597675522,0.0042427825779798,0.128870875279474,False,1.0,False,49,51,False,F_Lower_Priority
109,50,0.4236134661782482,18.013072967529297,5.0,109,519,30,0.98000655105973,0.97975,0.0246468913861107,0.8753080694868162,4.505627219205707e-05,1.0,False,1.0,False,50,402,False,F_Lower_Priority
296,51,0.41767845163530865,44.40175247192383,2.0,296,1462,103,1887.538118467852,1761.2783330097088,0.3930507251970712,0.530791716081079,0.0002514087708236,1.0,False,1.0,False,51,296,False,F_Lower_Priority
480,52,0.4175728088501144,12.683006286621094,7.0,480,1457,104,75.64863191489363,73.9900548076923,0.2087989601674623,0.6477740601953764,0.0001339134055084,1.0,False,1.0,False,52,339,False,F_Lower_Priority
28,53,0.41080094125231253,43.670631408691406,2.0,28,1462,103,69.59803235294117,68.10140582524272,18.18843816406032,2.120767771939556e-05,0.0115030174298384,0.0012089170288181,True,0.0125125298544433,True,53,13,False,D_ANOVA_Strong_Only
344,54,0.40630229539339285,14.397465705871582,6.0,344,1457,104,23.27191304049416,22.44988461538461,0.8289007461986743,0.362731322149608,0.0005314049161431,0.90682830537402,False,1.0,False,54,243,False,F_Lower_Priority
587,55,0.3988021241378797,12.112881660461426,7.0,587,1462,104,0.0163917920656634,0.0176432692307692,1.9615201041081112,0.1615491969623294,0.0012525978952392,0.5990754803251966,False,1.0,False,55,168,False,F_Lower_Priority
81,56,0.38895190328917023,16.5391788482666,5.0,81,1439,104,-0.021261362056984,-0.0196586538461538,0.8598469640764542,0.3539267273087522,0.0005576686919822,0.9000722806558784,False,1.0,False,56,239,False,F_Lower_Priority
455,57,0.3874255014026869,41.1856803894043,2.0,455,1462,104,3.622554103967168,3.834556730769231,4.968452184844731,0.0259553346877204,0.0031666998644402,0.2663356963057166,False,1.0,False,57,61,False,F_Lower_Priority
0,58,0.3764403741792023,8.892865180969238,9.0,0,1457,104,3014.947316403569,3007.52625,0.9862933409521462,0.3208041182597392,0.0006322448762289,0.8580564134492259,False,1.0,False,58,226,False,F_Lower_Priority
197,59,0.37107175424275246,15.778871536254883,5.0,197,1457,104,19.93495538778312,22.302788461538466,4.89997271548764,0.0270014224501734,0.0031331752675841,0.2663356963057166,False,1.0,False,59,63,False,F_Lower_Priority
323,60,0.3707971691230832,19.708993911743164,4.0,323,1462,104,5.3895737346101225,5.447486538461539,0.051294046049127,0.82085623934288,3.279562904643384e-05,1.0,False,1.0,False,60,414,False,F_Lower_Priority
559,61,0.369911549578724,39.3238410949707,2.0,559,1462,104,0.3244140902872777,0.3439,0.9089106226506992,0.3405509455829071,0.0005808073661546,0.8735872082344139,False,1.0,False,61,237,False,F_Lower_Priority
357,62,0.36978143383853573,15.724003791809082,5.0,357,1451,104,0.0009969676085458,0.001025,0.3037746908825156,0.5816049311009547,0.0001955668271925,1.0,False,1.0,False,62,314,False,F_Lower_Priority
469,63,0.3626919202031865,12.852116584777832,6.0,469,1457,104,5.617964035689774,6.283320192307693,4.335512275665906,0.0374879159666923,0.002773244925112,0.2889099949011545,False,1.0,False,63,82,False,F_Lower_Priority
388,64,0.3611983881506835,19.198789596557617,4.0,388,1463,104,35.06453274094327,36.42900384615385,0.6089889803050668,0.4352867429920279,0.0003889789753325,0.9689351304112114,False,1.0,False,64,274,False,F_Lower_Priority
39,65,0.3603496933434047,12.769119262695312,6.0,39,1462,104,118.68057920656636,118.66514807692307,0.0070743461234352,0.932980427990547,4.523218749759942e-06,1.0,False,1.0,False,65,459,False,F_Lower_Priority
63,66,0.33681736821631,11.935242652893066,6.0,63,1456,104,13.875941071428567,15.585729807692308,5.614295264944276,0.0179358279120505,0.0035905883451858,0.2048695809265074,False,1.0,False,66,59,False,F_Lower_Priority
389,67,0.328802044846582,11.651217460632324,6.0,389,1463,104,0.0013710184552289,0.0008788461538461,0.1683724474491573,0.6816185011847824,0.0001075746548506,1.0,False,1.0,False,67,349,False,F_Lower_Priority
431,68,0.32308890168300924,9.813231468200684,7.0,431,1462,103,21.191220656634748,38.92410291262136,23.165814790740125,1.629757863204241e-06,0.0146049136696319,0.0001923114278581,True,0.0009615571392905,True,68,6,False,D_ANOVA_Strong_Only
333,69,0.3197446472642045,16.995397567749023,4.0,333,1457,104,6.171586479066574,6.836201923076923,3.7080549078731377,0.0543321541091575,0.0023728391853024,0.348434466569597,False,1.0,False,69,101,False,F_Lower_Priority
484,70,0.31190221347975705,16.578548431396484,4.0,484,1439,104,217.79632022237664,180.59559615384612,2.9587402619197123,0.0856152349543171,0.0019163337625316,0.4313433177828872,False,1.0,False,70,124,False,F_Lower_Priority
324,71,0.302431754042634,64.3006591796875,1.0,324,1462,104,13.262205471956223,14.315735576923077,2.464437516810643,0.1166516593109333,0.0015732483022195,0.5062535173845133,False,1.0,False,71,145,False,F_Lower_Priority
510,72,0.2943488609159357,15.64553451538086,4.0,510,1461,104,54.44059137577002,74.34794903846154,27.543103493567735,1.7470623461839753e-07,0.0173167916248672,3.435889280828485e-05,True,0.0001030766784248,True,72,3,False,D_ANOVA_Strong_Only
577,73,0.29011256369918825,10.280241966247559,6.0,577,1463,104,16.80752918660287,14.318917307692308,3.864747167625848,0.0494871765519064,0.0024634036647219,0.331789024609373,False,1.0,False,73,97,False,F_Lower_Priority
423,74,0.28570683971263966,8.677820205688477,7.0,423,1460,104,77.24380842465753,83.5093951923077,3.5928519276588724,0.0582130333350183,0.0022948826850065,0.3638554654742289,False,1.0,False,74,103,False,F_Lower_Priority
309,75,0.2792513801509961,19.790742874145508,3.0,309,1462,104,0.1287612859097127,0.1311701923076923,0.7465137423254853,0.3877147358341464,0.0004770828602391,0.9281336792055777,False,1.0,False,75,253,False,F_Lower_Priority
294,76,0.27915354215716726,14.837857246398926,4.0,294,1462,103,391.4182911080711,549.3839077669903,10.615226155797808,0.0011456777984266,0.0067457571453028,0.0259980731181428,True,0.6759499010717138,False,76,30,False,E_ANOVA_BH_Only
346,77,0.2745316523628707,9.728126525878906,6.0,346,705,68,5.786559574468085,5.6007220588235285,0.0073346270036024,0.931772896947652,9.513044395551615e-06,1.0,False,1.0,False,77,445,False,F_Lower_Priority
90,78,0.26989720313419296,14.345854759216309,4.0,90,1413,103,8833.289516985138,8748.61942038835,4.391707413697924,0.0362798431483083,0.0028923415428673,0.2889099949011545,False,1.0,False,78,75,False,F_Lower_Priority
526,79,0.262563677630868,18.608074188232422,3.0,526,1463,104,1.4489590567327408,1.3660653846153847,0.7262011389011783,0.3942477116858961,0.0004638110663109,0.9281336792055777,False,1.0,False,79,257,False,F_Lower_Priority
522,80,0.2624066488170059,18.59694480895996,3.0,522,1463,104,14.70296801093643,15.093179807692309,0.2927886295693638,0.5885160379639498,0.0001870503919114,1.0,False,1.0,False,80,318,False,F_Lower_Priority
71,81,0.26066417083302024,11.084073066711426,5.0,71,1457,104,104.3462796156486,104.08742115384617,0.0064884133515315,0.9358096226547092,4.16188989574725e-06,1.0,False,1.0,False,81,460,False,F_Lower_Priority
460,82,0.25884003858350824,9.172088623046875,6.0,460,1462,104,28.98199001367989,32.225772115384615,5.76253497974044,0.0164876524874435,0.0036709596842396,0.1988801594978136,False,1.0,False,82,57,False,F_Lower_Priority
64,83,0.2585000546948117,10.992049217224121,5.0,64,1456,104,20.440290521978024,21.967568269230767,9.186793493971662,0.0024778512458889,0.0058619645929315,0.0417694924306991,True,1.0,False,83,40,False,E_ANOVA_BH_Only
70,84,0.25645747799731394,18.175323486328125,3.0,70,1457,104,619.2342210706933,617.2449288461539,4.230215275213831,0.0398764873552426,0.00270607312594,0.2889099949011545,False,1.0,False,84,88,False,F_Lower_Priority
468,85,0.2548586440585499,10.837207794189453,5.0,468,1456,104,227.59087953296705,176.3233951923077,4.802473945017128,0.0285665056374941,0.0030729884454905,0.2663356963057166,False,1.0,False,85,67,False,F_Lower_Priority
152,86,0.24425153786788753,17.310279846191406,3.0,152,1460,104,1.2254723287671234,0.7932798076923078,0.0332000312831277,0.8554425438894891,2.125436980626456e-05,1.0,False,1.0,False,86,428,False,F_Lower_Priority
8,87,0.216174096974663,11.49030876159668,4.0,8,1461,104,1.4623094455852157,1.4706192307692303,1.22790177066826,0.2679859685939544,0.0007849890474899,0.7638247414030584,False,1.0,False,87,212,False,F_Lower_Priority
195,88,0.2136955284836497,15.144753456115723,3.0,195,1460,103,0.2831869863013698,0.3423300970873786,2.156530717728603,0.1421663758962519,0.0013795999794968,0.5591877451919242,False,1.0,False,88,160,False,F_Lower_Priority
26,89,0.2021359865577206,42.9765625,1.0,26,1462,103,1.9425754445964432,1.8803,10.455042147901237,0.001248673927099,0.0066446398961797,0.0272858376662395,True,0.7367176169884674,False,89,31,False,E_ANOVA_BH_Only
202,90,0.19952274504604364,21.210477828979492,2.0,202,1456,104,10.118003365384617,10.904902884615383,0.2809577668158902,0.5961496776902642,0.0001802998139812,1.0,False,1.0,False,90,322,False,F_Lower_Priority
53,91,0.19876837159096702,8.452113151550293,5.0,53,1460,103,4.5928726027397255,4.594368932038835,0.0713013548847419,0.7894866191140097,4.567463050719408e-05,1.0,False,1.0,False,91,400,False,F_Lower_Priority
19,92,0.19542851297419564,10.387618064880371,4.0,19,1454,103,12.479256052269603,12.506132038834949,1.4628387384505142,0.2266628346938868,0.0009398481621544,0.7066228392999713,False,1.0,False,92,194,False,F_Lower_Priority
278,93,0.19413297143368616,10.318756103515625,4.0,278,1454,104,0.0011207015130674,0.0010721153846153,1.982825071125833,0.1592928677167534,0.0012726873744807,0.5948277971701551,False,1.0,False,93,166,False,F_Lower_Priority
360,94,0.19410523302575305,8.253825187683105,5.0,360,1463,104,0.0027390293916609,0.0058403846153846,2.3362028971109914,0.1265993982311102,0.0014905563291351,0.5260115841996834,False,1.0,False,94,152,False,F_Lower_Priority
547,95,0.18966750042358171,13.44187068939209,3.0,547,1221,86,403.4817182637183,404.4659069767442,3.039519431149316,0.0814954658808516,0.0023237214059641,0.4313433177828872,False,1.0,False,95,102,False,F_Lower_Priority
307,96,0.1830583851533099,9.730108261108398,4.0,307,1462,104,0.1287608071135431,0.1311721153846153,0.7481378566904423,0.3871990826998668,0.0004781203048531,0.9281336792055777,False,1.0,False,96,252,False,F_Lower_Priority
250,97,0.18169355141911497,19.315126419067383,2.0,250,1463,104,109.54962337662336,111.07659423076925,0.0759052637298125,0.7829615071808598,4.84994136543325e-05,1.0,False,1.0,False,97,389,False,F_Lower_Priority
94,98,0.18143412733094866,12.858365058898926,3.0,94,1457,104,-2.9032258064516133e-05,-3.076923076923078e-05,0.0096522609510599,0.921749648888366,6.191277223371804e-06,1.0,False,1.0,False,98,455,False,F_Lower_Priority
86,99,0.18034511671781195,7.6687116622924805,5.0,86,1463,104,2.4016230348598766,2.405367307692308,0.9767375992977368,0.3231583400596745,0.0006237242072928,0.8580564134492259,False,1.0,False,99,228,False,F_Lower_Priority
280,100,0.17904769126214534,9.516927719116211,4.0,280,1461,104,0.0181208076659822,0.0168076923076923,3.9907189981121935,0.0459245850889905,0.002546740672889,0.3150640139826098,False,1.0,False,100,94,False,F_Lower_Priority
116,101,0.1784093669807501,7.586399078369141,5.0,116,1463,104,0.9871626110731372,0.9866701923076924,0.2609427992051056,0.6095452267368586,0.0001667088164471,1.0,False,1.0,False,101,330,False,F_Lower_Priority
348,102,0.17633889039687725,9.372946739196777,4.0,348,1439,104,0.0242906879777623,0.0304480769230769,26.565103540863717,2.877548412809987e-07,0.0169467306211765,4.24438390889473e-05,True,0.0001697753563557,True,102,4,False,D_ANOVA_Strong_Only
317,103,0.17479467205562188,9.29086685180664,4.0,317,1462,104,0.1733955540355677,0.1618548076923076,2.469897836929026,0.11624773414518,0.0015767285667854,0.5062535173845133,False,1.0,False,103,144,False,F_Lower_Priority
9,104,0.17475799850722903,12.385223388671875,3.0,9,1461,104,-0.0007152635181382,-0.0026076923076923,1.52218916996328,0.2174739964234729,0.0009729418863473,0.7057045178169032,False,1.0,False,104,187,False,F_Lower_Priority
113,105,0.16541871339119213,8.792506217956543,4.0,113,1463,104,0.94541989063568,0.9454846153846154,0.0027615030573164,0.958097158466144,1.7645355811849452e-06,1.0,False,1.0,False,105,464,False,F_Lower_Priority
516,106,0.16330707774664746,34.721065521240234,1.0,516,519,30,0.7047809248554914,0.23112,0.054619966147066,0.8152982228821138,9.984371606339068e-05,1.0,False,1.0,False,106,352,False,F_Lower_Priority
489,107,0.16123681646736396,8.570225715637207,4.0,489,1439,104,270.98388262682414,288.57741730769226,0.5771220944635932,0.447558782244849,0.0003743712112693,0.974389968724948,False,1.0,False,107,280,False,F_Lower_Priority
268,108,0.1611550904336412,17.131763458251953,2.0,268,1455,104,19.49130515463917,19.69175,0.0722550408588843,0.7881169137634101,4.640442383130616e-05,1.0,False,1.0,False,108,392,False,F_Lower_Priority
137,109,0.16048872272947787,8.530462265014648,4.0,137,1457,103,122.27824296499658,128.55922330097087,1.3903145196358355,0.2385320225688796,0.0008915757053833,0.7143852452570506,False,1.0,False,109,202,False,F_Lower_Priority
4,110,0.15561892764254737,16.543235778808594,2.0,4,1449,104,4.404697929606626,1.3034048076923077,0.2937277564240697,0.587919389473519,0.0001893437401109,1.0,False,1.0,False,110,317,False,F_Lower_Priority
488,111,0.1537182007853597,8.170588493347168,4.0,488,1439,104,355.759291104934,309.1308076923077,3.3245519232666974,0.0684462540640411,0.0021527546907975,0.3883008644017721,False,1.0,False,111,112,False,F_Lower_Priority
254,112,0.15313345146262447,10.852676391601562,3.0,254,1463,104,0.0139955570745044,0.0132067307692307,0.7243525648117848,0.3948500906450847,0.0004626309628672,0.9281336792055777,False,1.0,False,112,258,False,F_Lower_Priority
21,113,0.15187818982238013,16.145572662353516,2.0,21,1462,103,-5636.437585499316,-5362.27427184466,18.615052640113053,1.6997910318968436e-05,0.0117696481258444,0.0011143074542434,True,0.0100287670881913,True,113,12,False,D_ANOVA_Strong_Only
377,114,0.1448694512921506,15.400501251220703,2.0,377,1461,104,0.001575085557837,0.0015096153846153,1.9130740688757104,0.1668197239559316,0.0012224794466708,0.607553315641973,False,1.0,False,114,171,False,F_Lower_Priority
334,115,0.14290251827372538,10.127602577209473,3.0,334,1457,104,0.1664806451612903,0.1947471153846154,2.597618412777882,0.1072268454269684,0.0016634364590144,0.4829300671901632,False,1.0,False,115,141,False,F_Lower_Priority
519,116,0.14276280353726015,10.117701530456543,3.0,519,781,71,11.393324455825866,15.41470985915493,4.224322093673584,0.0401535925116858,0.0049452140198021,0.2889099949011545,False,1.0,False,116,44,False,F_Lower_Priority
291,117,0.13805552753122113,9.784092903137207,3.0,291,1463,104,0.0199261790840738,0.019926923076923,8.228620621141804e-08,0.9997711588090522,5.2579045500235904e-11,1.0,False,1.0,False,117,474,False,F_Lower_Priority
282,118,0.13730016726344313,29.191680908203125,1.0,282,1461,104,0.0057469541409993,0.0060913461538461,0.1574243271568923,0.6915931981539654,0.0001007091958282,1.0,False,1.0,False,118,351,False,F_Lower_Priority
58,119,0.13598801138545238,14.456350326538086,2.0,58,1460,103,4.592049383561644,4.611205825242719,4.888039036034594,0.0271878953669748,0.0031215763286905,0.2663356963057166,False,1.0,False,119,64,False,F_Lower_Priority
14,120,0.13553960369394863,7.204340934753418,4.0,14,1460,104,9.056840547945203,8.282810576923076,7.467910981215697,0.0063516427074004,0.0047582438156042,0.0936867299341569,False,1.0,False,120,46,False,F_Lower_Priority
153,121,0.12290863436301641,13.065933227539062,2.0,153,1460,104,0.0118723287671232,0.0126865384615384,0.7367621377135036,0.3908317498260034,0.0004714563294112,0.9281336792055777,False,1.0,False,121,255,False,F_Lower_Priority
91,122,0.12191162160672132,8.639963150024414,3.0,91,1457,104,0.0022207275223061,0.0055096153846153,0.1364951783142859,0.7118406176583469,8.754536805238156e-05,1.0,False,1.0,False,122,363,False,F_Lower_Priority
117,123,0.12147097385146019,5.165240287780762,5.0,117,1463,104,58.65480881749829,58.219350000000006,0.4376264177003037,0.5083676959729522,0.0002795553207071,1.0,False,1.0,False,123,293,False,F_Lower_Priority
275,124,0.1186308013025657,8.407448768615723,3.0,275,1449,104,9.30954741200828,0.1060115384615384,0.287823985151291,0.5916952963610687,0.0001855387380092,1.0,False,1.0,False,124,320,False,F_Lower_Priority
543,125,0.11604915573938178,12.336729049682617,2.0,543,1461,104,0.0084918548939082,0.0081759615384615,4.127860698582664,0.0423515019090437,0.0026340292978663,0.2974688824563788,False,1.0,False,125,92,False,F_Lower_Priority
108,126,0.11601631281847517,12.333237648010254,2.0,108,1457,104,-0.0108049416609471,-0.0105596153846153,0.000775680978104,0.9777845144218784,4.975500911891609e-07,1.0,False,1.0,False,126,470,False,F_Lower_Priority
585,127,0.11259682738772757,7.979816913604736,3.0,585,1462,104,3.063023461012312,3.1353442307692303,0.0396423807768797,0.8422073155545744,2.534614833453704e-05,1.0,False,1.0,False,127,424,False,F_Lower_Priority
453,128,0.11111636611800543,23.62468719482422,1.0,453,1462,104,5.485977154582763,5.109446153846154,2.7201446234850963,0.0992898547659364,0.001736203260563,0.4576641743117385,False,1.0,False,128,137,False,F_Lower_Priority
442,129,0.10965227696810152,11.656702041625977,2.0,442,1462,104,1.3476127906976745,1.3121653846153845,0.2806279822993207,0.596365098314895,0.0001793974669757,1.0,False,1.0,False,129,323,False,F_Lower_Priority
182,130,0.10875937295180128,23.12356185913086,1.0,182,1462,104,10.815259917920656,10.2925,1.5307659365461876,0.216183254093981,0.00097779358276,0.7057045178169032,False,1.0,False,130,186,False,F_Lower_Priority
452,131,0.10145661806271,10.785453796386719,2.0,452,1462,104,5.365711764705882,5.081178846153847,9.352962708626109,0.0022640285284191,0.0059446055210169,0.041567547024441,True,1.0,False,131,38,False,E_ANOVA_BH_Only
475,132,0.1003096456599045,10.66352367401123,2.0,475,1457,104,4.2315596431022655,4.697063461538462,3.089200506811706,0.0790097652707106,0.001977608260661,0.4276675367864155,False,1.0,False,132,119,False,F_Lower_Priority
571,133,0.10026223379511583,7.105655670166016,3.0,571,1463,104,2.103255434039645,2.081873076923077,0.5863899632672339,0.4439339754210792,0.0003745497323089,0.9736841840090588,False,1.0,False,133,279,False,F_Lower_Priority
132,134,0.10011044405959559,10.64234733581543,2.0,132,1455,104,2.318539450171821,2.318617307692308,0.0002079039698352,0.98849764778893,1.335285433982037e-07,1.0,False,1.0,False,134,472,False,F_Lower_Priority
67,135,0.09753756318740474,6.912556171417236,3.0,67,1457,104,13.468253328757722,62.207329807692304,2.440893399585794,0.1184118396594285,0.001563231378084,0.5062535173845133,False,1.0,False,135,148,False,F_Lower_Priority
72,136,0.09720372445053037,5.166672706604004,4.0,72,705,68,150.31607673758867,150.833025,0.048953712113156,0.8249525801329328,6.348975882461087e-05,1.0,False,1.0,False,136,381,False,F_Lower_Priority
279,137,0.09669800088312597,6.853055953979492,3.0,279,1461,104,0.0412644079397672,0.0381413461538461,2.302308454144172,0.1293841020921542,0.0014708394932464,0.530119242101112,False,1.0,False,137,153,False,F_Lower_Priority
123,138,0.09654112457668138,6.841938018798828,3.0,123,1454,104,15.827565337001374,15.858942307692306,8.18228040416727,0.0042866391681765,0.0052310274235129,0.0665557134006356,False,1.0,False,138,43,False,F_Lower_Priority
552,139,0.09504378880976576,10.103731155395508,2.0,552,1221,86,0.2763167076167076,0.2819593023255813,0.0334989356442414,0.8548051501762032,2.5669023570323635e-05,1.0,False,1.0,False,139,423,False,F_Lower_Priority
319,140,0.09429748927679127,20.048789978027344,1.0,319,1462,104,7.885228522571818,8.349119230769231,4.409888757113976,0.0358910000595314,0.0028116940531461,0.2889099949011545,False,1.0,False,140,80,False,F_Lower_Priority
223,141,0.09279504002587763,19.729351043701172,1.0,223,1463,104,122.86227505126452,122.6256576923077,0.0017858270045149,0.9662975829308884,1.1411022151461054e-06,1.0,False,1.0,False,141,466,False,F_Lower_Priority
563,142,0.0916827047488903,19.492855072021484,1.0,563,1214,80,0.6801799011532125,0.67145875,0.3848770880670793,0.5351139994515597,0.0002978037695196,1.0,False,1.0,False,142,290,False,F_Lower_Priority
147,143,0.09076557896628362,9.648931503295898,2.0,147,1461,104,0.0173528405201916,0.0182278846153846,0.1009966147379173,0.7506793709282044,6.461298083530746e-05,1.0,False,1.0,False,143,379,False,F_Lower_Priority
57,144,0.09005062419311453,9.572927474975586,2.0,57,1460,103,0.949236780821918,0.9489067961165047,0.6006156342561116,0.4384606072046705,0.0003846153928498,0.9689351304112114,False,1.0,False,144,275,False,F_Lower_Priority
270,145,0.08991835540703237,19.117733001708984,1.0,270,1458,104,29.323677023319625,28.37166057692308,1.246524034881145,0.2643893424817709,0.000798415891207,0.7599469963306674,False,1.0,False,145,210,False,F_Lower_Priority
426,146,0.08960357112631903,19.050806045532227,1.0,426,1460,104,1.228399315068493,1.310483653846154,0.659763404147723,0.416767252616934,0.0004222054087515,0.949058736629685,False,1.0,False,146,268,False,F_Lower_Priority
159,147,0.0892580790285439,18.97735023498535,1.0,159,1462,103,862.2756497948017,1172.3106796116506,9.623537909598872,0.0019553710919527,0.0061194161715211,0.0373322617051845,True,1.0,False,147,36,False,E_ANOVA_BH_Only
425,148,0.08916321044384373,9.47859001159668,2.0,425,1460,104,6.710385342465753,8.002597115384615,0.2995629201595287,0.5842347494531754,0.0001917448658819,1.0,False,1.0,False,148,316,False,F_Lower_Priority
203,149,0.0863832962669049,18.36613655090332,1.0,203,1457,104,29.86101139327385,33.04502115384616,3.2320777960191465,0.0724024445607966,0.0020688845415201,0.4029947385931134,False,1.0,False,149,116,False,F_Lower_Priority
43,150,0.08564290863911407,18.208721160888672,1.0,43,1462,104,355.57293194254447,355.0605432692307,0.6556324443343051,0.4182292737690137,0.0004190266731793,0.949058736629685,False,1.0,False,150,269,False,F_Lower_Priority
16,151,0.08425065945387011,5.9709038734436035,3.0,16,1460,104,9.906091575342469,9.928818269230767,0.0086721283062312,0.9258167847890616,5.551907912530307e-06,1.0,False,1.0,False,151,457,False,F_Lower_Priority
578,152,0.08233432301395165,17.50527572631836,1.0,578,573,45,0.0215687609075043,0.0221977777777777,0.1198020527440281,0.729367463126494,0.0001944460352432,1.0,False,1.0,False,152,315,False,F_Lower_Priority
493,153,0.08214552780212993,17.46513557434082,1.0,493,1463,104,2.525005058099795,2.6009644230769235,0.5904538076032186,0.4423596209649862,0.0003771444863931,0.9736841840090588,False,1.0,False,153,277,False,F_Lower_Priority
471,154,0.08052790853794155,8.5606050491333,2.0,471,1457,104,9.476705078929308,11.909639423076923,5.567072723041956,0.0184240251089368,0.0035582192800164,0.2050976380051455,False,1.0,False,154,60,False,F_Lower_Priority
24,155,0.07357926241571332,7.8219218254089355,2.0,24,1462,103,-284.4415182626539,-499.539640776699,0.5282154748234846,0.4674669105679437,0.0003378355885077,0.9987264104882464,False,1.0,False,155,286,False,F_Lower_Priority
269,156,0.07246607040588071,15.40716552734375,1.0,269,1455,104,3.772312027491409,3.855563461538461,0.5064575186118719,0.4767830115680352,0.0003251720184959,1.0,False,1.0,False,156,288,False,F_Lower_Priority
83,157,0.06977626119960177,3.70881986618042,4.0,83,1462,104,7.455438235294117,7.40466923076923,0.9389594798991406,0.3326954023537496,0.0005999975105809,0.8609223131083873,False,1.0,False,157,234,False,F_Lower_Priority
557,158,0.06782823012992013,7.210552215576172,2.0,557,1221,86,1.5912058149058148,2.075467441860465,5.40351045609284,0.0202491126210424,0.0041235469937135,0.2163087344049572,False,1.0,False,158,52,False,F_Lower_Priority
581,159,0.0675409779235751,14.360031127929688,1.0,581,573,45,98.44283717277489,91.45992888888888,0.2652831513256325,0.6066983382279219,0.0004304690830044,1.0,False,1.0,False,159,265,False,F_Lower_Priority
104,160,0.06684072217414418,7.105574131011963,2.0,104,1461,104,-5.817932922655711e-06,-0.0001384615384615,2.362426583161149,0.1244911216723036,0.0015091882512587,0.5209202963592845,False,1.0,False,160,151,False,F_Lower_Priority
336,161,0.06515347430284939,13.852418899536133,1.0,336,1456,104,9.65645831043956,10.855379807692309,2.44599343206226,0.1180283503073803,0.0015674963711384,0.5062535173845133,False,1.0,False,161,147,False,F_Lower_Priority
310,162,0.06167680756156952,13.113237380981445,1.0,310,1462,104,0.3042941176470588,0.3111855769230769,2.443629771221973,0.1182051923393475,0.001559985769535,0.5062535173845133,False,1.0,False,162,149,False,F_Lower_Priority
583,163,0.06009117897095473,6.388056755065918,2.0,583,1462,104,0.0152903556771545,0.0157028846153846,0.0559491406894214,0.8130479770693401,3.577182818821781e-05,1.0,False,1.0,False,163,410,False,F_Lower_Priority
162,164,0.05747665460276596,12.220233917236328,1.0,162,1462,103,4807.294117647059,4653.233009708738,0.0531419503617321,0.817713713192545,3.3998812283133146e-05,1.0,False,1.0,False,164,413,False,F_Lower_Priority
166,165,0.05731261941872415,6.092679023742676,2.0,166,1462,103,2.7733242134062928,3.009708737864077,4.297107289755548,0.0383407976819217,0.0027417311432331,0.2889099949011545,False,1.0,False,165,84,False,F_Lower_Priority
272,166,0.05698856806964247,12.116460800170898,1.0,272,1457,103,41.15156609471517,43.371633009708745,1.5075099772559697,0.2197048989215317,0.0009666577221407,0.7057045178169032,False,1.0,False,166,190,False,F_Lower_Priority
96,167,0.05605317728103583,5.958792686462402,2.0,96,1457,104,0.0176881262868908,0.0092605769230769,0.1429143055718991,0.7054522816323926,9.166209477054394e-05,1.0,False,1.0,False,167,359,False,F_Lower_Priority
417,168,0.05524264072671424,11.745255470275879,1.0,417,1461,104,8.237010814510608,7.543214423076924,2.846215528596637,0.0917888417190998,0.0018176852237279,0.4402879399534059,False,1.0,False,168,133,False,F_Lower_Priority
2,169,0.055065108636225005,3.902503252029419,3.0,2,1449,104,2200.5548855762595,2200.441876923077,0.0014218145540418,0.9699261820822096,9.167074472298672e-07,1.0,False,1.0,False,169,467,False,F_Lower_Priority
48,170,0.054924904978921336,5.838850498199463,2.0,48,1462,104,139.99064753761968,139.71333557692307,0.3646333938388673,0.5460317313014263,0.0002330872138471,1.0,False,1.0,False,170,300,False,F_Lower_Priority
443,171,0.05457704901617518,5.801871299743652,2.0,443,1462,104,0.6325339945280438,0.6537211538461538,2.1165345819132035,0.1459165887923113,0.0013514540809558,0.5661594190181092,False,1.0,False,171,161,False,F_Lower_Priority
354,172,0.054119105125566336,5.7531890869140625,2.0,354,1439,104,0.041945170257123,0.0415865384615384,0.0730050858148723,0.7870467779148245,4.737289250667872e-05,1.0,False,1.0,False,172,390,False,F_Lower_Priority
128,173,0.05105585908001428,10.855094909667969,1.0,128,1454,104,3.189916781292985,3.2238557692307697,1.6025595578262528,0.2057303623620107,0.0010288629458089,0.6857678745400358,False,1.0,False,173,184,False,F_Lower_Priority
115,174,0.04830976566565886,10.271242141723633,1.0,115,1463,104,747.9533277511962,739.3719509615386,2.9880062999502384,0.0840806162457001,0.0019056308389763,0.4313433177828872,False,1.0,False,174,125,False,F_Lower_Priority
107,175,0.04814541649575751,10.236299514770508,1.0,107,1457,104,-0.0014096774193548,-0.0067567307692307,0.3625566317059757,0.5471773238441492,0.0002325031020939,1.0,False,1.0,False,175,301,False,F_Lower_Priority
483,176,0.04778622115797012,10.159930229187012,1.0,483,1439,104,207.8032426685198,189.42007884615384,0.8811118442724528,0.3480444338430147,0.0005714525182934,0.8889446578674403,False,1.0,False,176,238,False,F_Lower_Priority
198,177,0.047227891502558,10.04122257232666,1.0,198,1457,104,0.5516643788606727,0.6371346153846154,2.4549134517804103,0.1173605662313624,0.0015721961810306,0.5062535173845133,False,1.0,False,177,146,False,F_Lower_Priority
227,178,0.04579742126718495,4.86854362487793,2.0,227,1461,104,0.0190054072553045,0.0208057692307692,2.7232577013826256,0.0990969034835207,0.0017392969594004,0.4576641743117385,False,1.0,False,178,136,False,F_Lower_Priority
112,179,0.045384211390534245,9.6492338180542,1.0,112,781,71,0.4569235595390525,0.4642929577464789,1.476584408563948,0.2246471080022385,0.0017341456425247,0.7066228392999713,False,1.0,False,179,138,False,F_Lower_Priority
219,180,0.04534955183715467,4.820932388305664,2.0,219,1451,104,0.0032486560992419,0.0033288461538461,0.2301867264460143,0.6314529687129965,0.0001481987205844,1.0,False,1.0,False,180,335,False,F_Lower_Priority
482,181,0.045034493940192315,9.57487964630127,1.0,482,1439,104,319.11555594162616,308.7728942307692,0.1313108089224732,0.7171264887905223,8.520416657653293e-05,1.0,False,1.0,False,181,364,False,F_Lower_Priority
353,182,0.044809397477496925,9.527021408081055,1.0,353,1439,104,0.0404097289784572,0.0392346153846153,0.5573661183398604,0.4554373055014734,0.0003615604132483,0.9842784258090452,False,1.0,False,182,282,False,F_Lower_Priority
73,183,0.04456597769714195,9.47526741027832,1.0,73,705,68,468.1360815602837,466.8211,0.3447387419190837,0.5572785100096521,0.0004469321233478,1.0,False,1.0,False,183,263,False,F_Lower_Priority
47,184,0.043970615652354675,9.348686218261719,1.0,47,1462,104,1.1765340629274963,1.197976923076923,1.24158281383765,0.2653374258374872,0.0007932212046179,0.7599469963306674,False,1.0,False,184,211,False,F_Lower_Priority
476,185,0.04308411694758878,9.160205841064453,1.0,476,1457,104,20.018234660260813,21.72812980769231,1.27182475233487,0.2595981667455962,0.0008151302434348,0.7511892825272741,False,1.0,False,185,208,False,F_Lower_Priority
6,186,0.04250102726439676,9.036233901977539,1.0,6,1449,104,101.08577322291237,101.4909721153846,0.4093739485989227,0.5223819307776145,0.0002638722928152,1.0,False,1.0,False,186,295,False,F_Lower_Priority
584,187,0.04189674353568662,8.907755851745605,1.0,584,1462,104,0.0038411764705882,0.0039221153846153,0.045924994073909,0.8303401366843187,2.9362944744786367e-05,1.0,False,1.0,False,187,419,False,F_Lower_Priority
383,188,0.0409880908857749,8.71456527709961,1.0,383,519,30,0.548846050096339,0.4059933333333333,0.3214288068848217,0.5709828152058766,0.0005872761232563,1.0,False,1.0,False,188,235,False,F_Lower_Priority
140,189,0.040757019720723923,8.665436744689941,1.0,140,1449,104,27.926758247066942,0.3183855769230769,0.2876935033179278,0.5917793110738395,0.0001854546416649,1.0,False,1.0,False,189,321,False,F_Lower_Priority
555,190,0.04042804327915994,8.595492362976074,1.0,555,1221,86,57.51724512694513,61.00195116279071,0.7869158500366822,0.3751977870094623,0.0006026372607083,0.9121242481510436,False,1.0,False,190,233,False,F_Lower_Priority
36,191,0.03924123055629265,8.343161582946777,1.0,36,1462,104,49.418170177838576,49.40612884615385,0.0100594346292819,0.920121605761656,6.431822205102679e-06,1.0,False,1.0,False,191,452,False,F_Lower_Priority
428,192,0.03884579227929121,8.259086608886719,1.0,428,1454,103,4.295597386519945,3.1641281553398057,1.0892657491316713,0.296796173540435,0.0007000020969923,0.8182698242469938,False,1.0,False,192,220,False,F_Lower_Priority
222,193,0.038325988688843134,4.07428503036499,2.0,222,1463,104,0.0083546138072453,0.0153846153846153,1.5341679405839843,0.2156737348198344,0.0009793389585628,0.7057045178169032,False,1.0,False,193,185,False,F_Lower_Priority
273,194,0.03818401773970156,8.118385314941406,1.0,273,1449,104,20.15590041407868,20.53438076923077,0.9473267097871864,0.3305524625891972,0.0006104116380003,0.8609223131083873,False,1.0,False,194,231,False,F_Lower_Priority
321,195,0.03787897599165813,8.053529739379883,1.0,321,1462,104,2.2692451436388508,2.186160576923077,0.1494700318897441,0.6990949223106332,9.55599415231692e-05,1.0,False,1.0,False,195,356,False,F_Lower_Priority
180,196,0.037874974914705296,8.052679061889648,1.0,180,1462,104,19.08270177838577,18.03701923076923,9.734678131007916,0.0018412692736934,0.006185717495003,0.0373322617051845,True,1.0,False,196,34,False,E_ANOVA_BH_Only
185,197,0.03722454423566915,7.914389610290527,1.0,185,1462,104,7.382995896032832,7.123173076923076,0.1267645931295149,0.7218585110954997,8.104496131583726e-05,1.0,False,1.0,False,197,365,False,F_Lower_Priority
499,198,0.037078948992606164,7.883434295654297,1.0,499,1461,104,265.7990736481862,226.6257798076923,1.4128909133905307,0.2347576421793138,0.0009031445097372,0.7102923532604881,False,1.0,False,198,200,False,F_Lower_Priority
239,199,0.03532268702938719,7.510031700134277,1.0,239,1461,104,0.0045848049281314,0.0044355769230769,1.0406602870275377,0.3078258262645114,0.0006653665172851,0.8408205439632487,False,1.0,False,199,222,False,F_Lower_Priority
172,200,0.03199840659676066,6.803249359130859,1.0,172,1462,104,0.3194064295485636,0.3300384615384615,2.1640133394160386,0.141476436418305,0.0013817284275366,0.5591877451919242,False,1.0,False,200,159,False,F_Lower_Priority
541,201,0.03070654990458839,6.528584957122803,1.0,541,1455,104,9.59241615120275,9.880410576923076,0.9596156090081328,0.3274359261953586,0.0006159438276793,0.8586097620233848,False,1.0,False,201,229,False,F_Lower_Priority
89,202,0.0306814041227525,6.523238658905029,1.0,89,1413,103,0.1882699929228591,0.1946466019417475,1.4235361587677895,0.2330091808785326,0.0009393652169189,0.7086361686512076,False,1.0,False,202,195,False,F_Lower_Priority
287,203,0.03063460901590218,6.513289451599121,1.0,287,1460,104,0.3769925342465754,0.2346798076923077,0.0360172107703957,0.8495046131355095,2.305786190174378e-05,1.0,False,1.0,False,203,426,False,F_Lower_Priority
456,204,0.030441550324659304,6.472242832183838,1.0,456,1462,104,12.323816894664844,12.351951923076925,0.0011632311715904,0.9727968364813429,7.43753392860123e-07,1.0,False,1.0,False,204,468,False,F_Lower_Priority
177,205,0.03027477673537118,6.436784744262695,1.0,177,1462,104,0.3950335157318741,0.3909134615384615,0.0205801220648689,0.8859471679449806,1.3158472673845614e-05,1.0,False,1.0,False,205,434,False,F_Lower_Priority
196,206,0.02995860867411978,6.369563579559326,1.0,196,1456,104,8.464258241758241,11.827692307692306,4.45287502390667,0.0350015940079534,0.0028499259690238,0.2889099949011545,False,1.0,False,206,78,False,F_Lower_Priority
544,207,0.02987719886901267,6.352254867553711,1.0,544,1461,104,0.0025074606433949,0.0025336538461538,0.7626166597323949,0.3826450275957231,0.0004876805799088,0.9252482224650682,False,1.0,False,207,251,False,F_Lower_Priority
542,208,0.029554327209660353,6.283608436584473,1.0,542,1461,104,0.1112456536618754,0.1106855769230769,4.074214214457599,0.0437130247100026,0.0025998859387139,0.3034198185753128,False,1.0,False,208,93,False,F_Lower_Priority
106,209,0.029427546447851498,6.256653308868408,1.0,106,1457,104,0.0005625257378174,0.0002173076923076,1.2960553714619103,0.2551099261649588,0.0008306470858527,0.7461201516043279,False,1.0,False,209,206,False,F_Lower_Priority
410,210,0.028826194001415662,6.128798484802246,1.0,410,1457,103,4.9126717227179135,5.165185436893204,1.3612935609393588,0.2434919730676795,0.0008729814999003,0.7255568894440958,False,1.0,False,210,204,False,F_Lower_Priority
66,211,0.028612519895738663,6.08336877822876,1.0,66,1457,104,706.7896903912148,704.9710125,2.378717620050249,0.1232014224308724,0.0015234725523067,0.5192059945301051,False,1.0,False,211,150,False,F_Lower_Priority
3,212,0.02743354560557887,5.832704544067383,1.0,3,1449,104,1399.290291994479,1355.7814346153848,0.94152293118859,0.3320377796742698,0.0006066742317779,0.8609223131083873,False,1.0,False,212,232,False,F_Lower_Priority
27,213,0.0273681961771866,5.81881046295166,1.0,27,1462,103,6.648314158686731,6.50114077669903,1.3465119563484755,0.2460660360237087,0.0008607504450305,0.7295425188642621,False,1.0,False,213,205,False,F_Lower_Priority
406,214,0.025744104318779666,5.473508834838867,1.0,406,1455,104,6.713319587628866,6.972583653846153,0.8147760893760981,0.3668515736929079,0.0005230250103426,0.9069361596502952,False,1.0,False,214,245,False,F_Lower_Priority
295,215,0.0256610550589346,5.4558515548706055,1.0,295,1462,103,246.0590158002736,351.50814368932043,13.414974677302508,0.0002579458175465,0.008509799064836,0.0089522371972024,True,0.152188032352442,False,215,21,False,E_ANOVA_BH_Only
438,216,0.02533303403148603,5.386110305786133,1.0,438,1462,103,54.55996415868673,56.70367572815533,0.3799416712970045,0.5377242157582445,0.000243025806568,1.0,False,1.0,False,216,297,False,F_Lower_Priority
110,217,0.024103927413340363,2.5623936653137207,2.0,110,519,30,101.2937310211946,101.74248,1.61754476415356,0.2039749288526182,0.0029484014494087,0.6837795910400272,False,1.0,False,217,73,False,F_Lower_Priority
365,218,0.023358592265505834,4.966320037841797,1.0,365,1461,104,0.0051594798083504,0.0057471153846153,4.763978754158831,0.0292096910568153,0.0030387091543872,0.2663356963057166,False,1.0,False,218,69,False,F_Lower_Priority
289,219,0.022332019983292362,4.748058319091797,1.0,289,1460,104,2.5797009589041098,2.563083653846154,0.0102465840103161,0.91938451595915,6.559869906567405e-06,1.0,False,1.0,False,219,451,False,F_Lower_Priority
421,220,0.022077893285127492,4.694027900695801,1.0,421,1461,104,4.18410636550308,4.039902884615385,0.0422098779033443,0.837246979070836,2.700495075346774e-05,1.0,False,1.0,False,220,422,False,F_Lower_Priority
384,221,0.02139616718692099,4.549084663391113,1.0,384,519,30,1.293967437379576,1.1380666666666668,0.0685466859783516,0.7935632327140826,0.0001252981667353,1.0,False,1.0,False,221,345,False,F_Lower_Priority
118,222,0.020897364764963035,4.443033218383789,1.0,118,1439,104,0.5984615010423906,0.5977221153846155,0.8077618947633525,0.3689231835865607,0.0005239057129732,0.9069361596502952,False,1.0,False,222,244,False,F_Lower_Priority
573,223,0.020716771312343413,4.404636859893799,1.0,573,1463,104,0.3490719070403281,0.2973086538461538,4.222486231331311,0.0400573580722156,0.0026908142525232,0.2889099949011545,False,1.0,False,223,90,False,F_Lower_Priority
359,224,0.019263516917349354,4.0956573486328125,1.0,359,1463,104,0.0197770334928229,0.0207249999999999,1.7141130313291126,0.1906447820015529,0.0010940815666826,0.6539559382611408,False,1.0,False,224,180,False,F_Lower_Priority
253,225,0.018904568282737313,4.019340515136719,1.0,253,1439,104,0.0331485059068797,0.0341528846153846,0.1944586513954527,0.6592931993020589,0.0001261739881712,1.0,False,1.0,False,225,344,False,F_Lower_Priority
411,226,0.015665407173872593,3.330655574798584,1.0,411,1449,104,2.6091006211180123,2.713416346153846,3.477540653244905,0.0623958653433795,0.002237112188693,0.3671120553102328,False,1.0,False,226,108,False,F_Lower_Priority
88,227,0.015063377415082634,3.2026567459106445,1.0,88,1463,104,1807.4316734791528,1813.207690384616,1.1302887229994727,0.2878777787423347,0.0007217079773874,0.8023459861298464,False,1.0,False,227,218,False,F_Lower_Priority
361,228,0.015036675160485947,3.196979522705078,1.0,361,1463,104,39.9590045112782,39.61850961538461,0.0386717067199653,0.8441260099770005,2.4709745145015325e-05,1.0,False,1.0,False,228,425,False,F_Lower_Priority
12,229,0.014401374114366754,3.0619068145751953,1.0,12,1461,104,199.96199514031488,199.8839576923077,0.0556934347848368,0.8134678068567278,3.563112627326821e-05,1.0,False,1.0,False,229,411,False,F_Lower_Priority
407,230,0.014292398593549253,3.0387372970581055,1.0,407,1455,104,1.2299321649484536,1.260889423076923,0.6991869141006619,0.4031853423251199,0.0004488587526875,0.9365328817788218,False,1.0,False,230,262,False,F_Lower_Priority
220,231,0.013852087251709028,2.9451217651367188,1.0,220,215,11,0.0092376744186046,0.0087272727272727,0.6881327894691499,0.4076833515804284,0.0030626129690344,0.9432673624802068,False,1.0,False,231,68,False,F_Lower_Priority
355,232,0.01161653933045789,2.4698171615600586,1.0,355,1439,104,0.0344892286309937,0.0352884615384615,0.1244394040147345,0.7243168433936704,8.074585077818899e-05,1.0,False,1.0,False,232,368,False,F_Lower_Priority
308,233,0.010112219620923936,2.1499805450439453,1.0,308,1462,104,0.2184287961696306,0.2182096153846154,0.0041306111130617,0.948763588677524,2.641048723730543e-06,1.0,False,1.0,False,233,462,False,F_Lower_Priority
216,234,0.007772172720109708,1.6524581909179688,1.0,216,1439,104,0.0833696316886726,0.0850596153846153,0.4171497987622618,0.5184588388534825,0.0002706274539742,1.0,False,1.0,False,234,294,False,F_Lower_Priority
155,235,0.004722890074282077,1.0041437149047852,1.0,155,1454,103,0.5150729023383769,0.395631067961165,1.0892682036198726,0.2967956294971504,0.0007000036732322,0.8182698242469938,False,1.0,False,235,219,False,F_Lower_Priority
405,236,0.0026031715366107025,0.5534658432006836,1.0,405,1455,104,0.0242445360824742,0.023689423076923,0.2597450219925771,0.610367609483505,0.0001667962090607,1.0,False,1.0,False,236,329,False,F_Lower_Priority
38,237,0.0,0.0,0.0,38,1462,104,86.83031080711355,86.92465865384614,4.339490083883957,0.0374001605122245,0.0027669328683739,0.2889099949011545,False,1.0,False,237,83,False,F_Lower_Priority
40,238,0.0,0.0,0.0,40,1439,104,68.23984155663655,63.27060576923077,4.144715430414547,0.041935413069861,0.0026824124556255,0.2974688824563788,False,1.0,False,237,91,False,F_Lower_Priority
41,239,0.0,0.0,0.0,41,1439,104,3.351491869353718,3.3748490384615386,0.0094909382816095,0.9224043825890024,6.158909687071885e-06,1.0,False,1.0,False,237,456,False,F_Lower_Priority
42,240,0.0,0.0,0.0,42,1462,104,70.0,70.0,0.0,1.0,0.0,1.0,False,1.0,False,237,475,False,F_Lower_Priority
44,241,0.0,0.0,0.0,44,1462,104,10.032246785225718,10.015957692307692,0.8407674493819361,0.3593187380468897,0.0005372862637981,0.903468335438091,False,1.0,False,237,241,False,F_Lower_Priority
45,242,0.0,0.0,0.0,45,1462,104,136.72559008207935,136.98864326923075,0.1089865030688652,0.74134516403726,6.967960929148968e-05,1.0,False,1.0,False,237,374,False,F_Lower_Priority
46,243,0.0,0.0,0.0,46,1462,104,733.7033568399454,733.243414423077,0.1385967843081808,0.7097304402573744,8.860901750853267e-05,1.0,False,1.0,False,237,361,False,F_Lower_Priority
49,244,0.0,0.0,0.0,49,1462,104,1.0,1.0,0.0,1.0,0.0,1.0,False,1.0,False,237,475,False,F_Lower_Priority
50,245,0.0,0.0,0.0,50,1462,104,632.289171887825,631.762526923077,0.3602626287900302,0.548447370116968,0.0002302939018565,1.0,False,1.0,False,237,302,False,F_Lower_Priority
51,246,0.0,0.0,0.0,51,1462,104,157.32344671682625,158.79224326923077,0.0563972192699986,0.8123147714411257,3.605830286572002e-05,1.0,False,1.0,False,237,409,False,F_Lower_Priority
52,247,0.0,0.0,0.0,52,1462,104,0.0,0.0,0.0,1.0,0.0,1.0,False,1.0,False,237,475,False,F_Lower_Priority
54,248,0.0,0.0,0.0,54,1460,103,4.838299315068493,4.841689320388349,0.311336143013342,0.5769414416339382,0.0001994068292506,1.0,False,1.0,False,237,312,False,F_Lower_Priority
55,249,0.0,0.0,0.0,55,1460,103,2856.2335616438354,2855.3009708737864,0.1261359425796815,0.7225205386020374,8.079804679170205e-05,1.0,False,1.0,False,237,366,False,F_Lower_Priority
56,250,0.0,0.0,0.0,56,1460,103,0.928733698630137,0.9304883495145632,6.414424847563085,0.0114169710697529,0.004092360479704,0.1433194240671109,False,1.0,False,237,55,False,F_Lower_Priority
60,251,0.0,0.0,0.0,60,1457,104,355.18862855181885,354.7453269230769,0.5248387378392,0.4688935859410919,0.0003365375945304,0.9987264104882464,False,1.0,False,237,287,False,F_Lower_Priority
61,252,0.0,0.0,0.0,61,1457,104,10.422229512697324,10.435939423076924,0.2413634670760269,0.6232922303432005,0.0001547954490762,1.0,False,1.0,False,237,332,False,F_Lower_Priority
62,253,0.0,0.0,0.0,62,1457,104,116.54615223061084,115.8883798076923,0.5638930994433391,0.4528092203737999,0.0003615710147807,0.9821964706637571,False,1.0,False,237,281,False,F_Lower_Priority
68,254,0.0,0.0,0.0,68,1457,104,147.49656225120108,146.61122596153845,4.240886169676198,0.0396273109187077,0.0027128807896442,0.2889099949011545,False,1.0,False,237,87,False,F_Lower_Priority
69,255,0.0,0.0,0.0,69,1457,104,1.0,1.0,0.0,1.0,0.0,1.0,False,1.0,False,237,475,False,F_Lower_Priority
74,256,0.0,0.0,0.0,74,1457,104,0.0028795470144131,0.0,0.0713370550013728,0.7894352113862745,4.575611988103406e-05,1.0,False,1.0,False,237,399,False,F_Lower_Priority
76,257,0.0,0.0,0.0,76,1439,104,-0.0288933981931897,-0.0362682692307692,4.796706126025581,0.0286636290702296,0.0031030640103036,0.2663356963057166,False,1.0,False,237,65,False,F_Lower_Priority
77,258,0.0,0.0,0.0,77,1439,104,-0.0070870743571924,-0.0064096153846153,0.0452111026740116,0.8316444519301143,2.9337946965009287e-05,1.0,False,1.0,False,237,420,False,F_Lower_Priority
78,259,0.0,0.0,0.0,78,1439,104,-0.0130828353022932,-0.0213875,2.922435272139998,0.0875572603490522,0.0018928640489798,0.4313433177828872,False,1.0,False,237,127,False,F_Lower_Priority
79,260,0.0,0.0,0.0,79,1439,104,0.0029790826963168,0.010089423076923,9.25484960412136,0.0023883998442733,0.0059698891485388,0.041567547024441,True,1.0,False,237,37,False,E_ANOVA_BH_Only
80,261,0.0,0.0,0.0,80,1439,104,-0.0181207088255733,-0.0242048076923076,1.482064332058764,0.2236382072639681,0.0009608308364353,0.7066228392999713,False,1.0,False,237,191,False,F_Lower_Priority
82,262,0.0,0.0,0.0,82,1439,104,0.0061806115357887,0.0043153846153846,0.2591712395066019,0.6107629809774833,0.0001681555213703,1.0,False,1.0,False,237,327,False,F_Lower_Priority
84,263,0.0,0.0,0.0,84,1451,104,0.1331193659545141,0.1329480769230769,0.1115255923159607,0.7384589988304128,7.180784539824212e-05,1.0,False,1.0,False,237,372,False,F_Lower_Priority
85,264,0.0,0.0,0.0,85,215,11,0.1128516279069767,0.1114454545454545,2.428341865345619,0.1205705864199005,0.0107245490795925,0.5117744315664844,False,1.0,False,237,15,False,F_Lower_Priority
87,265,0.0,0.0,0.0,87,1463,104,0.9825244702665756,0.9809548076923076,1.449724900820302,0.2287541734004991,0.000925484474717,0.7066228392999713,False,1.0,False,237,197,False,F_Lower_Priority
92,266,0.0,0.0,0.0,92,1461,104,0.000514031485284,0.0004067307692307,0.1070153282393549,0.743611874327188,6.84632128126445e-05,1.0,False,1.0,False,237,376,False,F_Lower_Priority
93,267,0.0,0.0,0.0,93,1461,104,-0.0005655030800821,-0.000189423076923,1.5163100532880822,0.2183639904259612,0.0009691877569729,0.7057045178169032,False,1.0,False,237,189,False,F_Lower_Priority
97,268,0.0,0.0,0.0,97,1457,104,0.0,0.0,0.0,1.0,0.0,1.0,False,1.0,False,237,475,False,F_Lower_Priority
98,269,0.0,0.0,0.0,98,1457,104,-0.0157816060398078,-0.0512201923076923,0.6681459265375796,0.4138236678543077,0.0004283898009218,0.946340945868378,False,1.0,False,237,267,False,F_Lower_Priority
99,270,0.0,0.0,0.0,99,1457,104,0.0007617707618393,0.0124442307692307,3.370727261677017,0.0665548004269967,0.0021574439426324,0.3849738456071382,False,1.0,False,237,111,False,F_Lower_Priority
101,271,0.0,0.0,0.0,101,1457,104,-5.765271105010297e-06,-2.7884615384615383e-05,0.9744897451324814,0.32371617570954,0.0006246831288194,0.8580564134492259,False,1.0,False,237,227,False,F_Lower_Priority
105,272,0.0,0.0,0.0,105,1457,104,-0.0004982841455044,-0.0004923076923076,0.0003378832775882,0.9853367818558922,2.167307276193541e-07,1.0,False,1.0,False,237,471,False,F_Lower_Priority
114,273,0.0,0.0,0.0,114,1463,104,9.200273410799728e-05,0.000551923076923,7.411519135691543,0.0065526853959488,0.0047134729334503,0.0942947410636546,False,1.0,False,237,47,False,F_Lower_Priority
119,274,0.0,0.0,0.0,119,1463,104,0.9707637047163364,0.9709653846153846,0.0492905500138499,0.8243313666535572,3.149456717527108e-05,1.0,False,1.0,False,237,417,False,F_Lower_Priority
120,275,0.0,0.0,0.0,120,1463,104,6.311534859876965,6.301412499999999,0.643725125605841,0.4224869013302708,0.0004111568393724,0.9514018007055716,False,1.0,False,237,271,False,F_Lower_Priority
122,276,0.0,0.0,0.0,122,1454,104,3.917335625859698,3.633509615384616,9.617877265885452,0.0019615256150181,0.0061431830879969,0.0373322617051845,True,1.0,False,237,35,False,E_ANOVA_BH_Only
125,277,0.0,0.0,0.0,125,1454,104,1.191248280605227,1.0969807692307691,11.0282737337858,0.0009181031843017,0.0070376992672305,0.0216672351495222,True,0.5416808787380571,False,237,29,False,E_ANOVA_BH_Only
127,278,0.0,0.0,0.0,127,1454,104,0.6511958046767538,0.610475,8.821552096616951,0.0030225351739165,0.0056374173047383,0.0495359931280767,True,1.0,False,237,41,False,E_ANOVA_BH_Only
133,279,0.0,0.0,0.0,133,1455,104,1003.9246225429551,1005.7005471153848,7.190703274506639,0.0074056480908468,0.004597075829345,0.1032872686175858,False,1.0,False,237,48,False,F_Lower_Priority
134,280,0.0,0.0,0.0,134,1455,104,39.41640233676976,39.05027980769231,1.4552893525671702,0.2278643896924959,0.000933802440474,0.7066228392999713,False,1.0,False,237,196,False,F_Lower_Priority
135,281,0.0,0.0,0.0,135,1458,104,118.38203017832647,112.0576923076923,1.1726770811768374,0.2790192035749596,0.0007511514250744,0.7876618665513212,False,1.0,False,237,214,False,F_Lower_Priority
136,282,0.0,0.0,0.0,136,1457,104,138.03205216197668,140.47403846153844,0.1990756292639704,0.6555299694078681,0.000127678134483,1.0,False,1.0,False,237,342,False,F_Lower_Priority
138,283,0.0,0.0,0.0,138,1449,104,57.44575458937197,59.79421923076923,3.517181249198699,0.0609233952542589,0.002262555404098,0.3667837061225796,False,1.0,False,237,107,False,F_Lower_Priority
139,284,0.0,0.0,0.0,139,1449,104,417.1042008281573,412.0683432692307,0.0354734488381529,0.8506316623998493,2.287081723493786e-05,1.0,False,1.0,False,237,427,False,F_Lower_Priority
141,285,0.0,0.0,0.0,141,1449,104,0.0,0.0,0.0,1.0,0.0,1.0,False,1.0,False,237,475,False,F_Lower_Priority
142,286,0.0,0.0,0.0,142,1449,104,6.65624568668047,6.437019230769232,0.3694295467490028,0.5434043609001962,0.0002381312534029,1.0,False,1.0,False,237,299,False,F_Lower_Priority
143,287,0.0,0.0,0.0,143,1454,104,0.0041844566712517,0.0039596153846153,2.990131690098711,0.0839716921378539,0.0019179926988101,0.4313433177828872,False,1.0,False,237,123,False,F_Lower_Priority
144,288,0.0,0.0,0.0,144,1461,104,0.1206355920602327,0.1111932692307692,2.302297230405605,0.1293850353602714,0.0014708323334599,0.530119242101112,False,1.0,False,237,154,False,F_Lower_Priority
145,289,0.0,0.0,0.0,145,1461,104,0.0639323066392881,0.0592538461538461,3.020751358768695,0.0824023144988221,0.0019289344385428,0.4313433177828872,False,1.0,False,237,122,False,F_Lower_Priority
146,290,0.0,0.0,0.0,146,1461,104,0.0552635181382614,0.0514490384615384,2.9641567267076545,0.0853266948852188,0.0018928637120938,0.4313433177828872,False,1.0,False,237,128,False,F_Lower_Priority
148,291,0.0,0.0,0.0,148,1461,104,8.499317590691307,8.077825961538462,0.0490811314290897,0.8246988964796015,3.140088946763063e-05,1.0,False,1.0,False,237,418,False,F_Lower_Priority
149,292,0.0,0.0,0.0,149,1460,104,0.0,0.0,0.0,1.0,0.0,1.0,False,1.0,False,237,475,False,F_Lower_Priority
150,293,0.0,0.0,0.0,150,1460,104,6.824760958904111,6.666961538461539,0.2299123852424777,0.6316559265820552,0.0001471693656738,1.0,False,1.0,False,237,336,False,F_Lower_Priority
151,294,0.0,0.0,0.0,151,1460,104,14.232823287671232,11.444384615384614,0.7852670688092674,0.3756715123740738,0.0005024791859486,0.9121242481510436,False,1.0,False,237,250,False,F_Lower_Priority
154,295,0.0,0.0,0.0,154,1460,104,7.695783835616439,7.728674038461538,0.0038236010105291,0.9507019242093296,2.4478819787483595e-06,1.0,False,1.0,False,237,463,False,F_Lower_Priority
156,296,0.0,0.0,0.0,156,1463,104,0.0580431305536568,0.0587278846153846,0.0072582509107163,0.9321169692611244,4.637838497201967e-06,1.0,False,1.0,False,237,458,False,F_Lower_Priority
157,297,0.0,0.0,0.0,157,130,8,0.047586923076923,0.0392625,0.3324447489615583,0.5651761371719359,0.0024384859346849,1.0,False,1.0,False,237,98,False,F_Lower_Priority
158,298,0.0,0.0,0.0,158,130,8,1027.4569415384617,1237.799925,2.029530843964677,0.1565588891356215,0.0147035987991508,0.5921137473719018,False,1.0,False,237,5,False,F_Lower_Priority
163,299,0.0,0.0,0.0,163,1462,103,0.1369569083447332,0.1863009708737864,15.893327409878614,7.010501518094945e-05,0.0100661185489656,0.0027574639304506,True,0.0413619589567601,True,237,19,False,D_ANOVA_Strong_Only
164,300,0.0,0.0,0.0,164,1462,103,0.1222763337893296,0.2083689320388349,12.211246424199048,0.0004882788977343,0.0077521325802613,0.0137475192517916,True,0.2880845496632822,False,237,24,False,E_ANOVA_BH_Only
165,301,0.0,0.0,0.0,165,1462,103,0.2429199726402189,0.3812718446601943,11.172867688192644,0.0008496254037642,0.007097611652144,0.0208866245092044,True,0.5012789882209077,False,237,28,False,E_ANOVA_BH_Only
167,302,0.0,0.0,0.0,167,1462,103,1.2320109439124487,1.2893203883495143,0.7891809283326466,0.3744845980907876,0.0005046594118678,0.9121242481510436,False,1.0,False,237,249,False,F_Lower_Priority
168,303,0.0,0.0,0.0,168,1462,103,0.1243030095759233,0.1257281553398058,0.0860629954139479,0.7692821569334565,5.505966526821969e-05,1.0,False,1.0,False,237,386,False,F_Lower_Priority
169,304,0.0,0.0,0.0,169,1462,103,0.4010554035567716,0.3919126213592233,0.2052283513544919,0.6505962403605411,0.0001312868890356,1.0,False,1.0,False,237,341,False,F_Lower_Priority
170,305,0.0,0.0,0.0,170,1462,104,0.6827922024623804,0.7059528846153846,2.101903909166184,0.1473163417381534,0.0013421246113803,0.5661594190181092,False,1.0,False,237,163,False,F_Lower_Priority
171,306,0.0,0.0,0.0,171,1462,104,0.1200089603283173,0.120839423076923,0.0181119720581273,0.8929606968899446,1.1580410686734192e-05,1.0,False,1.0,False,237,437,False,F_Lower_Priority
173,307,0.0,0.0,0.0,173,1462,104,0.5763789329685363,0.5735634615384615,0.0839275998974177,0.7720821627938209,5.365926880036982e-05,1.0,False,1.0,False,237,387,False,F_Lower_Priority
174,308,0.0,0.0,0.0,174,1462,104,0.319406292749658,0.3300442307692308,2.166185238788043,0.1412769924637588,0.0013831132731663,0.5591877451919242,False,1.0,False,237,158,False,F_Lower_Priority
176,309,0.0,0.0,0.0,176,1462,104,0.2450036935704515,0.2406980769230769,0.3205539632077809,0.5713561497521523,0.0002049157779047,1.0,False,1.0,False,237,309,False,F_Lower_Priority
178,310,0.0,0.0,0.0,178,1439,104,0.0,0.0,0.0,1.0,0.0,1.0,False,1.0,False,237,475,False,F_Lower_Priority
179,311,0.0,0.0,0.0,179,1462,104,0.0,0.0,0.0,1.0,0.0,1.0,False,1.0,False,237,475,False,F_Lower_Priority
181,312,0.0,0.0,0.0,181,1462,104,0.5493632010943912,0.5103173076923077,2.9432429924256214,0.0864354889696223,0.0018783341423425,0.4313433177828872,False,1.0,False,237,129,False,F_Lower_Priority
184,313,0.0,0.0,0.0,184,1462,104,0.1447218878248974,0.1461307692307692,0.0158605957420056,0.8997965106578879,1.0140943031078856e-05,1.0,False,1.0,False,237,441,False,F_Lower_Priority
186,314,0.0,0.0,0.0,186,1462,104,0.0,0.0,0.0,1.0,0.0,1.0,False,1.0,False,237,475,False,F_Lower_Priority
187,315,0.0,0.0,0.0,187,1462,104,17.923194186046512,18.120384615384616,0.0508978881545723,0.8215376583316641,3.254234770958975e-05,1.0,False,1.0,False,237,415,False,F_Lower_Priority
189,316,0.0,0.0,0.0,189,1462,104,0.0,0.0,0.0,1.0,0.0,1.0,False,1.0,False,237,475,False,F_Lower_Priority
190,317,0.0,0.0,0.0,190,1460,103,0.0,0.0,0.0,1.0,0.0,1.0,False,1.0,False,237,475,False,F_Lower_Priority
191,318,0.0,0.0,0.0,191,1460,103,0.0,0.0,0.0,1.0,0.0,1.0,False,1.0,False,237,475,False,F_Lower_Priority
192,319,0.0,0.0,0.0,192,1460,103,0.0,0.0,0.0,1.0,0.0,1.0,False,1.0,False,237,475,False,F_Lower_Priority
193,320,0.0,0.0,0.0,193,1460,103,0.0,0.0,0.0,1.0,0.0,1.0,False,1.0,False,237,475,False,F_Lower_Priority
194,321,0.0,0.0,0.0,194,1460,103,0.0,0.0,0.0,1.0,0.0,1.0,False,1.0,False,237,475,False,F_Lower_Priority
199,322,0.0,0.0,0.0,199,1457,104,11.303706245710364,14.731153846153846,4.225045790567901,0.0399977914534912,0.0027027751390914,0.2889099949011545,False,1.0,False,237,89,False,F_Lower_Priority
201,323,0.0,0.0,0.0,201,1456,104,7.800068681318682,8.389423076923077,1.2941945400338613,0.2554513061424986,0.0008299874036378,0.7461201516043279,False,1.0,False,237,207,False,F_Lower_Priority
204,324,0.0,0.0,0.0,204,1457,104,27.641543033630747,96.33493653846152,1.4347903215382107,0.2311663202315115,0.0009194811154156,0.7086361686512076,False,1.0,False,237,198,False,F_Lower_Priority
206,325,0.0,0.0,0.0,206,1457,104,0.001372683596431,0.0,0.0713370550013727,0.7894352113862745,4.5756119881034096e-05,1.0,False,1.0,False,237,395,False,F_Lower_Priority
207,326,0.0,0.0,0.0,207,1457,104,20.21087165408373,22.692019230769237,1.9530151293415103,0.162461147206833,0.0012511684275004,0.5990754803251966,False,1.0,False,237,169,False,F_Lower_Priority
208,327,0.0,0.0,0.0,208,1457,104,73.43497597803706,70.87344230769232,0.8084261995955607,0.3687248037711138,0.0005182855702127,0.9069361596502952,False,1.0,False,237,247,False,F_Lower_Priority
209,328,0.0,0.0,0.0,209,1457,104,0.0316746739876458,0.0,0.0713370550013728,0.7894352113862744,4.57561198810341e-05,1.0,False,1.0,False,237,394,False,F_Lower_Priority
210,329,0.0,0.0,0.0,210,1439,104,0.087706532314107,0.1049057692307692,16.37659291872172,5.449634402004251e-05,0.0105154995864101,0.0022966316408446,True,0.032152842971825,True,237,17,False,D_ANOVA_Strong_Only
211,330,0.0,0.0,0.0,211,1439,104,0.0564589298123697,0.0608509615384615,2.996141168585495,0.0836632588446876,0.0019405107880113,0.4313433177828872,False,1.0,False,237,120,False,F_Lower_Priority
212,331,0.0,0.0,0.0,212,1439,104,0.0514109103544127,0.051725,0.0095895222308901,0.9220037051596226,6.222882904877722e-06,1.0,False,1.0,False,237,454,False,F_Lower_Priority
214,332,0.0,0.0,0.0,214,1439,104,0.0837660180681028,0.0763836538461538,1.6591650501113542,0.1979094740974991,0.0010755227646525,0.6710723546984164,False,1.0,False,237,181,False,F_Lower_Priority
215,333,0.0,0.0,0.0,215,1439,104,0.0812267546907574,0.0789836538461538,0.5266157709595986,0.468143335977637,0.0003416196422247,0.9987264104882464,False,1.0,False,237,285,False,F_Lower_Priority
217,334,0.0,0.0,0.0,217,1439,104,0.0714913134120917,0.0736288461538461,0.2067657524066421,0.6493783183740872,0.0001341583472128,1.0,False,1.0,False,237,338,False,F_Lower_Priority
218,335,0.0,0.0,0.0,218,1462,104,3.776088372093023,3.7064769230769232,0.3432990631848141,0.5580156414585866,0.0002194525098106,1.0,False,1.0,False,237,304,False,F_Lower_Priority
221,336,0.0,0.0,0.0,221,1463,104,0.0605833219412166,0.0626057692307692,0.7311085274623157,0.3926549837694518,0.0004669438599517,0.9281336792055777,False,1.0,False,237,256,False,F_Lower_Priority
224,337,0.0,0.0,0.0,224,1413,103,0.0590920736022646,0.0631893203883495,0.3176666581946017,0.5730967512377175,0.0002097754422264,1.0,False,1.0,False,237,308,False,F_Lower_Priority
225,338,0.0,0.0,0.0,225,1413,103,1038.7113872611465,1073.2290932038836,0.609445912324158,0.4351185494694537,0.0004023782592726,0.9689351304112114,False,1.0,False,237,272,False,F_Lower_Priority
226,339,0.0,0.0,0.0,226,1457,104,0.0,0.0,0.0,1.0,0.0,1.0,False,1.0,False,237,475,False,F_Lower_Priority
228,340,0.0,0.0,0.0,228,1461,104,0.0178127310061601,0.018289423076923,0.1909929669395173,0.66215183209959,0.0001221814658597,1.0,False,1.0,False,237,346,False,F_Lower_Priority
229,341,0.0,0.0,0.0,229,1457,104,0.0,0.0,0.0,1.0,0.0,1.0,False,1.0,False,237,475,False,F_Lower_Priority
230,342,0.0,0.0,0.0,230,1457,104,0.0,0.0,0.0,1.0,0.0,1.0,False,1.0,False,237,475,False,F_Lower_Priority
231,343,0.0,0.0,0.0,231,1457,104,0.0,0.0,0.0,1.0,0.0,1.0,False,1.0,False,237,475,False,F_Lower_Priority
232,344,0.0,0.0,0.0,232,1457,104,0.0,0.0,0.0,1.0,0.0,1.0,False,1.0,False,237,475,False,F_Lower_Priority
233,345,0.0,0.0,0.0,233,1457,104,0.0,0.0,0.0,1.0,0.0,1.0,False,1.0,False,237,475,False,F_Lower_Priority
234,346,0.0,0.0,0.0,234,1457,104,0.0,0.0,0.0,1.0,0.0,1.0,False,1.0,False,237,475,False,F_Lower_Priority
235,347,0.0,0.0,0.0,235,1457,104,0.0,0.0,0.0,1.0,0.0,1.0,False,1.0,False,237,475,False,F_Lower_Priority
236,348,0.0,0.0,0.0,236,1457,104,0.0,0.0,0.0,1.0,0.0,1.0,False,1.0,False,237,475,False,F_Lower_Priority
237,349,0.0,0.0,0.0,237,1457,104,0.0,0.0,0.0,1.0,0.0,1.0,False,1.0,False,237,475,False,F_Lower_Priority
238,350,0.0,0.0,0.0,238,1461,104,0.004780424366872,0.0049451923076923,0.9142020114195394,0.3391498126977704,0.0005845602081263,0.8735872082344139,False,1.0,False,237,236,False,F_Lower_Priority
240,351,0.0,0.0,0.0,240,1457,104,0.0,0.0,0.0,1.0,0.0,1.0,False,1.0,False,237,475,False,F_Lower_Priority
241,352,0.0,0.0,0.0,241,1457,104,0.0,0.0,0.0,1.0,0.0,1.0,False,1.0,False,237,475,False,F_Lower_Priority
242,353,0.0,0.0,0.0,242,1457,104,0.0,0.0,0.0,1.0,0.0,1.0,False,1.0,False,237,475,False,F_Lower_Priority
243,354,0.0,0.0,0.0,243,1457,104,0.0,0.0,0.0,1.0,0.0,1.0,False,1.0,False,237,475,False,F_Lower_Priority
246,355,0.0,0.0,0.0,246,519,30,4.168471098265896,3.8074266666666663,0.0365734766151003,0.8484070157317664,6.685746143564536e-05,1.0,False,1.0,False,237,378,False,F_Lower_Priority
248,356,0.0,0.0,0.0,248,1463,104,0.0250542720437457,0.0268163461538461,0.1242982271945341,0.7244661501199151,7.941747970773075e-05,1.0,False,1.0,False,237,369,False,F_Lower_Priority
249,357,0.0,0.0,0.0,249,1463,104,0.0007857826384142,0.0049961538461538,6.946863556926773,0.0084795937899396,0.0044192737795269,0.1133135087923478,False,1.0,False,237,49,False,F_Lower_Priority
251,358,0.0,0.0,0.0,251,1463,104,0.0043878332194121,0.0028355769230769,0.1665248954228827,0.6832747136964229,0.0001063943630113,1.0,False,1.0,False,237,350,False,F_Lower_Priority
252,359,0.0,0.0,0.0,252,1463,104,4.758911893369788,3.0442971153846154,0.068884609591769,0.7930023061015371,4.401378767999233e-05,1.0,False,1.0,False,237,405,False,F_Lower_Priority
255,360,0.0,0.0,0.0,255,1463,104,0.4042243335611757,0.3985557692307692,0.2153571269365612,0.6426650992672209,0.0001375894543558,1.0,False,1.0,False,237,337,False,F_Lower_Priority
256,361,0.0,0.0,0.0,256,1454,104,0.0,0.0,0.0,1.0,0.0,1.0,False,1.0,False,237,475,False,F_Lower_Priority
257,362,0.0,0.0,0.0,257,1454,104,0.0,0.0,0.0,1.0,0.0,1.0,False,1.0,False,237,475,False,F_Lower_Priority
258,363,0.0,0.0,0.0,258,1454,104,0.0,0.0,0.0,1.0,0.0,1.0,False,1.0,False,237,475,False,F_Lower_Priority
259,364,0.0,0.0,0.0,259,1454,104,0.0,0.0,0.0,1.0,0.0,1.0,False,1.0,False,237,475,False,F_Lower_Priority
260,365,0.0,0.0,0.0,260,1454,104,0.0,0.0,0.0,1.0,0.0,1.0,False,1.0,False,237,475,False,F_Lower_Priority
261,366,0.0,0.0,0.0,261,1454,104,0.0,0.0,0.0,1.0,0.0,1.0,False,1.0,False,237,475,False,F_Lower_Priority
262,367,0.0,0.0,0.0,262,1454,104,0.0,0.0,0.0,1.0,0.0,1.0,False,1.0,False,237,475,False,F_Lower_Priority
263,368,0.0,0.0,0.0,263,1454,104,0.0,0.0,0.0,1.0,0.0,1.0,False,1.0,False,237,475,False,F_Lower_Priority
264,369,0.0,0.0,0.0,264,1454,104,0.0,0.0,0.0,1.0,0.0,1.0,False,1.0,False,237,475,False,F_Lower_Priority
265,370,0.0,0.0,0.0,265,1454,104,0.0,0.0,0.0,1.0,0.0,1.0,False,1.0,False,237,475,False,F_Lower_Priority
266,371,0.0,0.0,0.0,266,1454,104,0.0,0.0,0.0,1.0,0.0,1.0,False,1.0,False,237,475,False,F_Lower_Priority
267,372,0.0,0.0,0.0,267,1455,104,0.0707051546391752,0.0689326923076923,0.3467461420265902,0.5560462811617415,0.0002226518550769,1.0,False,1.0,False,237,303,False,F_Lower_Priority
271,373,0.0,0.0,0.0,271,1457,104,45.92827062457104,47.8544173076923,1.1283101311438417,0.2883005916263177,0.0007232162404956,0.8023459861298464,False,1.0,False,237,217,False,F_Lower_Priority
274,374,0.0,0.0,0.0,274,1449,104,136.4140935127674,134.59726538461538,0.0436781016359754,0.8344810955392089,2.8160458826945223e-05,1.0,False,1.0,False,237,421,False,F_Lower_Priority
276,375,0.0,0.0,0.0,276,1449,104,0.0,0.0,0.0,1.0,0.0,1.0,False,1.0,False,237,475,False,F_Lower_Priority
277,376,0.0,0.0,0.0,277,1449,104,2.2138247757073843,2.1678278846153844,0.1433400557850847,0.7050346823144896,9.240929067195698e-05,1.0,False,1.0,False,237,358,False,F_Lower_Priority
283,377,0.0,0.0,0.0,283,1461,104,2.8144331964407936,2.6571971153846152,0.0697556454075274,0.7917277112714454,4.462733998632349e-05,1.0,False,1.0,False,237,404,False,F_Lower_Priority
284,378,0.0,0.0,0.0,284,1460,104,0.0,0.0,0.0,1.0,0.0,1.0,False,1.0,False,237,475,False,F_Lower_Priority
285,379,0.0,0.0,0.0,285,1460,104,2.122967671232877,2.0752605769230774,0.2381884861922558,0.6255860563525091,0.0001524661782996,1.0,False,1.0,False,237,333,False,F_Lower_Priority
286,380,0.0,0.0,0.0,286,1460,104,4.315229657534247,3.484928846153846,0.7019354666408876,0.4022622886404486,0.0004491806471278,0.9365328817788218,False,1.0,False,237,261,False,F_Lower_Priority
288,381,0.0,0.0,0.0,288,1460,104,0.003903904109589,0.0042009615384615,0.9937754365195188,0.3189757747809362,0.0006358153513707,0.8580564134492259,False,1.0,False,237,225,False,F_Lower_Priority
290,382,0.0,0.0,0.0,290,1454,103,0.1244528198074277,0.1089456310679611,0.3148407096261915,0.5748056580713481,0.0002024289239614,1.0,False,1.0,False,237,311,False,F_Lower_Priority
292,383,0.0,0.0,0.0,292,130,8,0.0146107692307692,0.012475,0.2588157936151649,0.6117592111343327,0.0018994425579566,1.0,False,1.0,False,237,126,False,F_Lower_Priority
293,384,0.0,0.0,0.0,293,130,8,331.65455461538465,398.8709375,1.8064799173329185,0.1811689213423133,0.0131088169323865,0.6362479975712193,False,1.0,False,237,7,False,F_Lower_Priority
297,385,0.0,0.0,0.0,297,1462,103,2346.191855061559,2295.0653291262133,0.0241387181611667,0.876552532959906,1.544359908668005e-05,1.0,False,1.0,False,237,432,False,F_Lower_Priority
298,386,0.0,0.0,0.0,298,1462,103,0.0620573871409028,0.0886029126213592,16.60188370695706,4.841829626953139e-05,0.0105101696055187,0.002197445753771,True,0.0285667947990235,True,237,18,False,D_ANOVA_Strong_Only
299,387,0.0,0.0,0.0,299,1462,103,0.0572109439124487,0.1036427184466019,12.207247381158725,0.0004893184818434,0.0077496135200328,0.0137475192517916,True,0.2886979042876247,False,237,25,False,E_ANOVA_BH_Only
300,388,0.0,0.0,0.0,300,1462,103,0.1134538987688098,0.1883961165048544,11.326866395434136,0.0007824475618994,0.0071947361359385,0.0200941677691633,True,0.4616440615206659,False,237,27,False,E_ANOVA_BH_Only
301,389,0.0,0.0,0.0,301,1462,103,0.9059264021887824,0.9700388349514564,3.5945653265957165,0.0581530795404974,0.0022945089981506,0.3638554654742289,False,1.0,False,237,104,False,F_Lower_Priority
302,390,0.0,0.0,0.0,302,1462,103,0.4020422024623802,0.4217961165048544,0.9624327611310468,0.3267265304005045,0.0006153809969923,0.8586097620233848,False,1.0,False,237,230,False,F_Lower_Priority
303,391,0.0,0.0,0.0,303,1462,103,0.0403142270861833,0.0407640776699029,0.0924236801016155,0.7611587344413333,5.91287365362646e-05,1.0,False,1.0,False,237,383,False,F_Lower_Priority
304,392,0.0,0.0,0.0,304,1462,103,0.1322075239398084,0.1302165048543689,0.090597337898058,0.7634591676878022,5.796038825411365e-05,1.0,False,1.0,False,237,384,False,F_Lower_Priority
305,393,0.0,0.0,0.0,305,1462,104,0.2645980848153215,0.2693971153846153,0.67884780072491,0.4101093858736481,0.0004338575942782,0.9451739752556736,False,1.0,False,237,264,False,F_Lower_Priority
306,394,0.0,0.0,0.0,306,1462,104,0.0486004787961696,0.0489413461538461,0.0174751556368361,0.8948481438260221,1.1173248326459625e-05,1.0,False,1.0,False,237,439,False,F_Lower_Priority
311,395,0.0,0.0,0.0,311,1462,104,0.0974870725034199,0.0953374999999999,0.5408740680962763,0.4621809791894132,0.0003457078540172,0.9952072179626053,False,1.0,False,237,284,False,F_Lower_Priority
312,396,0.0,0.0,0.0,312,1462,104,0.1601487688098495,0.1586740384615384,0.0153330383858897,0.9014684444552408,9.803636871068068e-06,1.0,False,1.0,False,237,443,False,F_Lower_Priority
313,397,0.0,0.0,0.0,313,1439,104,0.0,0.0,0.0,1.0,0.0,1.0,False,1.0,False,237,475,False,F_Lower_Priority
314,398,0.0,0.0,0.0,314,1439,104,0.0,0.0,0.0,1.0,0.0,1.0,False,1.0,False,237,475,False,F_Lower_Priority
315,399,0.0,0.0,0.0,315,1462,104,0.0,0.0,0.0,1.0,0.0,1.0,False,1.0,False,237,475,False,F_Lower_Priority
316,400,0.0,0.0,0.0,316,1462,104,6.00126073871409,5.635603846153846,12.604121193313128,0.0003962922330293,0.0079944743413287,0.0123059167098601,True,0.2338124174873423,False,237,23,False,E_ANOVA_BH_Only
318,401,0.0,0.0,0.0,318,1462,104,3.2003329685362525,3.0262288461538462,1.9918888750948749,0.158342415205277,0.0012719662785263,0.5948277971701551,False,1.0,False,237,167,False,F_Lower_Priority
320,402,0.0,0.0,0.0,320,1462,104,0.0430770177838577,0.0434971153846153,0.0168441560118084,0.896753189936848,1.0769804733719393e-05,1.0,False,1.0,False,237,440,False,F_Lower_Priority
322,403,0.0,0.0,0.0,322,1462,104,0.0,0.0,0.0,1.0,0.0,1.0,False,1.0,False,237,475,False,F_Lower_Priority
325,404,0.0,0.0,0.0,325,1462,104,0.0,0.0,0.0,1.0,0.0,1.0,False,1.0,False,237,475,False,F_Lower_Priority
326,405,0.0,0.0,0.0,326,1460,103,0.0,0.0,0.0,1.0,0.0,1.0,False,1.0,False,237,475,False,F_Lower_Priority
327,406,0.0,0.0,0.0,327,1460,103,0.0,0.0,0.0,1.0,0.0,1.0,False,1.0,False,237,475,False,F_Lower_Priority
328,407,0.0,0.0,0.0,328,1460,103,0.0,0.0,0.0,1.0,0.0,1.0,False,1.0,False,237,475,False,F_Lower_Priority
329,408,0.0,0.0,0.0,329,1460,103,0.0,0.0,0.0,1.0,0.0,1.0,False,1.0,False,237,475,False,F_Lower_Priority
330,409,0.0,0.0,0.0,330,1460,103,0.0,0.0,0.0,1.0,0.0,1.0,False,1.0,False,237,475,False,F_Lower_Priority
331,410,0.0,0.0,0.0,331,1460,103,0.0826448630136986,0.091552427184466,1.898823852751796,0.1684075178268559,0.0012149371563739,0.6093527663098549,False,1.0,False,237,172,False,F_Lower_Priority
332,411,0.0,0.0,0.0,332,1456,104,2.5411085164835168,3.3267490384615384,1.881051100139748,0.1704122143069933,0.0012058939358312,0.6093527663098549,False,1.0,False,237,173,False,F_Lower_Priority
335,412,0.0,0.0,0.0,335,1457,104,3.3736224433768016,4.173675,1.8598438727292648,0.1728396929975459,0.0011915508493797,0.6106312507098929,False,1.0,False,237,176,False,F_Lower_Priority
337,413,0.0,0.0,0.0,337,1456,104,2.3031941620879124,2.667505769230769,4.470672681161546,0.0346398898246032,0.0028612842207719,0.2889099949011545,False,1.0,False,237,77,False,F_Lower_Priority
338,414,0.0,0.0,0.0,338,1456,104,3.027278983516484,3.181793269230769,0.0726804689175138,0.7875089677482788,4.664767557290049e-05,1.0,False,1.0,False,237,391,False,F_Lower_Priority
339,415,0.0,0.0,0.0,339,1457,104,9.28036183939602,10.009767307692307,1.3998753758669251,0.2369248282559748,0.0008971260495196,0.7131920850562509,False,1.0,False,237,201,False,F_Lower_Priority
340,416,0.0,0.0,0.0,340,1457,104,12.254869938229238,48.55767596153846,1.8684308068850943,0.1718519803249892,0.0011970456766296,0.6106312507098929,False,1.0,False,237,175,False,F_Lower_Priority
342,417,0.0,0.0,0.0,342,1457,104,0.0003069320521619,0.0,0.0713370550013727,0.7894352113862745,4.575611988103408e-05,1.0,False,1.0,False,237,397,False,F_Lower_Priority
343,418,0.0,0.0,0.0,343,1457,104,6.154236238846946,6.818742307692308,1.4858651913065335,0.223043514511561,0.0009521811279747,0.7066228392999713,False,1.0,False,237,193,False,F_Lower_Priority
347,419,0.0,0.0,0.0,347,1457,104,0.0095502402196293,0.0,0.0713370550013726,0.7894352113862746,4.5756119881034096e-05,1.0,False,1.0,False,237,395,False,F_Lower_Priority
349,420,0.0,0.0,0.0,349,1439,104,0.0251236970118137,0.0270307692307692,3.141888710245168,0.076502928709308,0.0020347150305399,0.4218385788644086,False,1.0,False,237,118,False,F_Lower_Priority
350,421,0.0,0.0,0.0,350,1439,104,0.0231899930507296,0.0233692307692307,0.0151733188400887,0.9019806049629764,9.84631371760567e-06,1.0,False,1.0,False,237,442,False,F_Lower_Priority
352,422,0.0,0.0,0.0,352,1439,104,0.0234328700486448,0.0222884615384615,0.7336542734323013,0.3918344263464646,0.0004758631761061,0.9281336792055777,False,1.0,False,237,254,False,F_Lower_Priority
356,423,0.0,0.0,0.0,356,1462,104,1.299650341997264,1.2842653846153846,0.1534297495814433,0.695332441329263,9.809124006844197e-05,1.0,False,1.0,False,237,355,False,F_Lower_Priority
358,424,0.0,0.0,0.0,358,215,11,0.0024437209302325,0.0024272727272727,0.0180929418994619,0.8931200797528803,8.076553845208986e-05,1.0,False,1.0,False,237,367,False,F_Lower_Priority
362,425,0.0,0.0,0.0,362,1413,103,0.0183060155697098,0.0194378640776698,0.2624025372359982,0.6085490789672392,0.0001732873620822,1.0,False,1.0,False,237,325,False,F_Lower_Priority
363,426,0.0,0.0,0.0,363,1413,103,332.2118511677283,348.5162077669903,1.3249199871853856,0.2498927233083032,0.0008743471249694,0.7371835337594946,False,1.0,False,237,203,False,F_Lower_Priority
364,427,0.0,0.0,0.0,364,1457,104,0.0,0.0,0.0,1.0,0.0,1.0,False,1.0,False,237,475,False,F_Lower_Priority
366,428,0.0,0.0,0.0,366,1461,104,0.0048058863791923,0.0049278846153846,0.2544614447640723,0.6140221131749958,0.0001627767270396,1.0,False,1.0,False,237,331,False,F_Lower_Priority
367,429,0.0,0.0,0.0,367,1457,104,0.0037754975978037,0.0037423076923076,0.0146688451863186,0.9036155495298582,9.40904885595752e-06,1.0,False,1.0,False,237,446,False,F_Lower_Priority
368,430,0.0,0.0,0.0,368,1457,104,0.0031666437886067,0.0032413461538461,0.1219877030810174,0.7269357534232161,7.824128197995176e-05,1.0,False,1.0,False,237,371,False,F_Lower_Priority
369,431,0.0,0.0,0.0,369,1457,104,0.0,0.0,0.0,1.0,0.0,1.0,False,1.0,False,237,475,False,F_Lower_Priority
370,432,0.0,0.0,0.0,370,1457,104,0.0,0.0,0.0,1.0,0.0,1.0,False,1.0,False,237,475,False,F_Lower_Priority
371,433,0.0,0.0,0.0,371,1457,104,0.0,0.0,0.0,1.0,0.0,1.0,False,1.0,False,237,475,False,F_Lower_Priority
372,434,0.0,0.0,0.0,372,1457,104,0.0,0.0,0.0,1.0,0.0,1.0,False,1.0,False,237,475,False,F_Lower_Priority
373,435,0.0,0.0,0.0,373,1457,104,0.0,0.0,0.0,1.0,0.0,1.0,False,1.0,False,237,475,False,F_Lower_Priority
374,436,0.0,0.0,0.0,374,1457,104,0.0,0.0,0.0,1.0,0.0,1.0,False,1.0,False,237,475,False,F_Lower_Priority
375,437,0.0,0.0,0.0,375,1457,104,0.0,0.0,0.0,1.0,0.0,1.0,False,1.0,False,237,475,False,F_Lower_Priority
376,438,0.0,0.0,0.0,376,1461,104,0.0015978781656399,0.0016423076923076,0.6710725802325106,0.4128027943409476,0.0004291647981472,0.946340945868378,False,1.0,False,237,266,False,F_Lower_Priority
378,439,0.0,0.0,0.0,378,1457,104,0.0,0.0,0.0,1.0,0.0,1.0,False,1.0,False,237,475,False,F_Lower_Priority
379,440,0.0,0.0,0.0,379,1457,104,0.0,0.0,0.0,1.0,0.0,1.0,False,1.0,False,237,475,False,F_Lower_Priority
380,441,0.0,0.0,0.0,380,1457,104,0.0,0.0,0.0,1.0,0.0,1.0,False,1.0,False,237,475,False,F_Lower_Priority
381,442,0.0,0.0,0.0,381,1457,104,0.0,0.0,0.0,1.0,0.0,1.0,False,1.0,False,237,475,False,F_Lower_Priority
386,443,0.0,0.0,0.0,386,1463,104,0.0082468899521531,0.0087576923076923,0.1055524106811746,0.7453090316059379,6.7441081222027e-05,1.0,False,1.0,False,237,377,False,F_Lower_Priority
387,444,0.0,0.0,0.0,387,1463,104,0.0002510594668489,0.0015798076923076,6.912664474078633,0.0086425557553485,0.0043976135763187,0.1133135087923478,False,1.0,False,237,50,False,F_Lower_Priority
390,445,0.0,0.0,0.0,390,1463,104,1.468733766233766,0.913258653846154,0.0724701220184213,0.7878091481565808,4.630464301296624e-05,1.0,False,1.0,False,237,393,False,F_Lower_Priority
391,446,0.0,0.0,0.0,391,1439,104,0.0109490618485059,0.011051923076923,0.0225908151436853,0.8805456998497803,1.4659626197780916e-05,1.0,False,1.0,False,237,433,False,F_Lower_Priority
393,447,0.0,0.0,0.0,393,1463,104,0.1340237867395762,0.1335076923076923,0.0175202353614805,0.8947133826976192,1.119491324215087e-05,1.0,False,1.0,False,237,438,False,F_Lower_Priority
394,448,0.0,0.0,0.0,394,1454,104,0.0,0.0,0.0,1.0,0.0,1.0,False,1.0,False,237,475,False,F_Lower_Priority
395,449,0.0,0.0,0.0,395,1454,104,0.0,0.0,0.0,1.0,0.0,1.0,False,1.0,False,237,475,False,F_Lower_Priority
396,450,0.0,0.0,0.0,396,1454,104,0.0,0.0,0.0,1.0,0.0,1.0,False,1.0,False,237,475,False,F_Lower_Priority
397,451,0.0,0.0,0.0,397,1454,104,0.0,0.0,0.0,1.0,0.0,1.0,False,1.0,False,237,475,False,F_Lower_Priority
398,452,0.0,0.0,0.0,398,1454,104,0.0,0.0,0.0,1.0,0.0,1.0,False,1.0,False,237,475,False,F_Lower_Priority
399,453,0.0,0.0,0.0,399,1454,104,0.0,0.0,0.0,1.0,0.0,1.0,False,1.0,False,237,475,False,F_Lower_Priority
400,454,0.0,0.0,0.0,400,1454,104,0.0,0.0,0.0,1.0,0.0,1.0,False,1.0,False,237,475,False,F_Lower_Priority
401,455,0.0,0.0,0.0,401,1454,104,0.0,0.0,0.0,1.0,0.0,1.0,False,1.0,False,237,475,False,F_Lower_Priority
402,456,0.0,0.0,0.0,402,1454,104,0.0,0.0,0.0,1.0,0.0,1.0,False,1.0,False,237,475,False,F_Lower_Priority
403,457,0.0,0.0,0.0,403,1454,104,0.0,0.0,0.0,1.0,0.0,1.0,False,1.0,False,237,475,False,F_Lower_Priority
404,458,0.0,0.0,0.0,404,1454,104,0.0,0.0,0.0,1.0,0.0,1.0,False,1.0,False,237,475,False,F_Lower_Priority
408,459,0.0,0.0,0.0,408,1458,104,5.359734293552813,5.077336538461538,1.1648572502266743,0.2806273034583584,0.0007461462156395,0.7884290906687212,False,1.0,False,237,216,False,F_Lower_Priority
409,460,0.0,0.0,0.0,409,1457,104,4.574106794783802,4.669020192307692,0.276850573570988,0.598847772007876,0.0001775506212826,1.0,False,1.0,False,237,324,False,F_Lower_Priority
412,461,0.0,0.0,0.0,412,1449,104,30.869988957902,31.48711826923077,0.1089318230837622,0.7414081039831483,7.022835137421962e-05,1.0,False,1.0,False,237,373,False,F_Lower_Priority
413,462,0.0,0.0,0.0,413,1449,104,25.693540579710145,24.48621923076923,0.0631591274552509,0.8016040269268411,4.0719894018230094e-05,1.0,False,1.0,False,237,408,False,F_Lower_Priority
414,463,0.0,0.0,0.0,414,1449,104,0.0,0.0,0.0,1.0,0.0,1.0,False,1.0,False,237,475,False,F_Lower_Priority
415,464,0.0,0.0,0.0,415,1449,104,6.651149068322981,6.344533653846154,0.5820605758323721,0.445621790707846,0.0003751400526094,0.9737661352504784,False,1.0,False,237,278,False,F_Lower_Priority
418,465,0.0,0.0,0.0,418,1461,104,322.5749663928816,287.7276673076923,1.424728546014286,0.2328078067470133,0.0009107044397964,0.7086361686512076,False,1.0,False,237,199,False,F_Lower_Priority
420,466,0.0,0.0,0.0,420,1461,104,1.8155711841204656,1.9011971153846157,0.076091412896636,0.7827022631313973,4.8680555805735103e-05,1.0,False,1.0,False,237,388,False,F_Lower_Priority
422,467,0.0,0.0,0.0,422,1460,104,0.0,0.0,0.0,1.0,0.0,1.0,False,1.0,False,237,475,False,F_Lower_Priority
424,468,0.0,0.0,0.0,424,1460,104,3.3540477397260275,2.773875961538462,0.8166585311675714,0.3662982931464625,0.0005225555580749,0.9069361596502952,False,1.0,False,237,246,False,F_Lower_Priority
427,469,0.0,0.0,0.0,427,1460,104,4.0578919178082185,4.067049038461539,0.0008790831154549,0.976350505934173,5.627929710072648e-07,1.0,False,1.0,False,237,469,False,F_Lower_Priority
429,470,0.0,0.0,0.0,429,1463,104,4.1713712235133285,4.178489423076924,0.000118719428135,0.991307934612025,7.585905375660561e-08,1.0,False,1.0,False,237,473,False,F_Lower_Priority
432,471,0.0,0.0,0.0,432,1462,103,99.21857818057455,101.48333786407768,0.0309745001005723,0.8603200887607324,1.9816945796918222e-05,1.0,False,1.0,False,237,429,False,F_Lower_Priority
434,472,0.0,0.0,0.0,434,1462,103,13.719237346101233,29.136890291262137,19.8970387725126,8.756521971663399e-06,0.0125700145272507,0.0008610579938802,True,0.0051663479632814,True,237,9,False,D_ANOVA_Strong_Only
436,473,0.0,0.0,0.0,436,1462,103,6.532943023255815,21.428146601941748,18.071139267766785,2.2539131045762385e-05,0.0114296813210669,0.0012089170288181,True,0.0132980873169998,True,237,14,False,D_ANOVA_Strong_Only
437,474,0.0,0.0,0.0,437,1462,103,3.9868538987688096,4.441639805825242,7.6984215560842655,0.0055926920941103,0.0049012728671729,0.0846073932185919,False,1.0,False,237,45,False,F_Lower_Priority
439,475,0.0,0.0,0.0,439,1462,103,70.85070184678523,67.70915728155339,0.6446657386193568,0.4221483714620606,0.0004122840391712,0.9514018007055716,False,1.0,False,237,270,False,F_Lower_Priority
440,476,0.0,0.0,0.0,440,1462,103,11.538861354309164,11.352811650485435,0.0874538489366762,0.7674786451269557,5.594942798711012e-05,1.0,False,1.0,False,237,385,False,F_Lower_Priority
441,477,0.0,0.0,0.0,441,1462,104,0.8004476744186046,0.8250413461538462,1.731408046168835,0.1884240123267328,0.0011058142139011,0.6501179372676746,False,1.0,False,237,179,False,F_Lower_Priority
444,478,0.0,0.0,0.0,444,1462,104,0.8953212038303695,0.8911288461538462,0.0705124111708012,0.7906271623211414,4.5082629338814826e-05,1.0,False,1.0,False,237,401,False,F_Lower_Priority
445,479,0.0,0.0,0.0,445,1462,104,0.6456683310533516,0.6670740384615385,2.231513072942581,0.1354230797410202,0.0014247657861029,0.5472576510082322,False,1.0,False,237,156,False,F_Lower_Priority
447,480,0.0,0.0,0.0,447,1462,104,0.2822363201094391,0.277101923076923,0.3422529127393887,0.558616064656845,0.0002187839087655,1.0,False,1.0,False,237,306,False,F_Lower_Priority
448,481,0.0,0.0,0.0,448,1462,104,0.332493365253078,0.3291317307692307,0.0196417892692436,0.888560179530636,1.2558531072393782e-05,1.0,False,1.0,False,237,435,False,F_Lower_Priority
449,482,0.0,0.0,0.0,449,1439,104,0.0,0.0,0.0,1.0,0.0,1.0,False,1.0,False,237,475,False,F_Lower_Priority
450,483,0.0,0.0,0.0,450,1439,104,0.0,0.0,0.0,1.0,0.0,1.0,False,1.0,False,237,475,False,F_Lower_Priority
451,484,0.0,0.0,0.0,451,1462,104,0.0,0.0,0.0,1.0,0.0,1.0,False,1.0,False,237,475,False,F_Lower_Priority
454,485,0.0,0.0,0.0,454,1462,104,7.910945485636114,7.501317307692309,1.7411162323530052,0.187190577822904,0.0011120077350607,0.6496614171500787,False,1.0,False,237,178,False,F_Lower_Priority
457,486,0.0,0.0,0.0,457,1462,104,5.273763474692203,5.121714423076923,0.1089508172902014,0.7413859967722857,6.965679547660184e-05,1.0,False,1.0,False,237,375,False,F_Lower_Priority
458,487,0.0,0.0,0.0,458,1462,104,0.0,0.0,0.0,1.0,0.0,1.0,False,1.0,False,237,475,False,F_Lower_Priority
459,488,0.0,0.0,0.0,459,1462,104,2.8360637482900137,2.8709432692307693,0.0652009381195537,0.798490418853864,4.168684149512841e-05,1.0,False,1.0,False,237,407,False,F_Lower_Priority
461,489,0.0,0.0,0.0,461,1462,104,0.0,0.0,0.0,1.0,0.0,1.0,False,1.0,False,237,475,False,F_Lower_Priority
462,490,0.0,0.0,0.0,462,1460,103,0.0,0.0,0.0,1.0,0.0,1.0,False,1.0,False,237,475,False,F_Lower_Priority
463,491,0.0,0.0,0.0,463,1460,103,0.0,0.0,0.0,1.0,0.0,1.0,False,1.0,False,237,475,False,F_Lower_Priority
464,492,0.0,0.0,0.0,464,1460,103,0.0,0.0,0.0,1.0,0.0,1.0,False,1.0,False,237,475,False,F_Lower_Priority
465,493,0.0,0.0,0.0,465,1460,103,0.0,0.0,0.0,1.0,0.0,1.0,False,1.0,False,237,475,False,F_Lower_Priority
466,494,0.0,0.0,0.0,466,1460,103,0.0,0.0,0.0,1.0,0.0,1.0,False,1.0,False,237,475,False,F_Lower_Priority
467,495,0.0,0.0,0.0,467,1460,103,6.167931506849316,7.445026213592232,2.087220467769939,0.1487367965217066,0.0013353192582211,0.5661594190181092,False,1.0,False,237,165,False,F_Lower_Priority
470,496,0.0,0.0,0.0,470,1457,104,5.316851750171586,6.080841346153846,2.283370164846932,0.1309701025600503,0.0014624956676543,0.5329128311064115,False,1.0,False,237,155,False,F_Lower_Priority
472,497,0.0,0.0,0.0,472,1456,104,137.87286449175824,138.1059826923077,0.0023170925075234,0.9616138760132596,1.4872201935152669e-06,1.0,False,1.0,False,237,465,False,F_Lower_Priority
473,498,0.0,0.0,0.0,473,1456,104,39.369835851648354,40.225003846153854,0.1406779554394372,0.7076590116706164,9.02857857636024e-05,1.0,False,1.0,False,237,360,False,F_Lower_Priority
474,499,0.0,0.0,0.0,474,1456,104,37.53895164835165,39.01042307692308,0.3409451286178409,0.5593687079041457,0.000218787249147,1.0,False,1.0,False,237,305,False,F_Lower_Priority
478,500,0.0,0.0,0.0,478,1457,104,0.1372683596431022,0.0,0.0713370550013727,0.7894352113862745,4.575611988103408e-05,1.0,False,1.0,False,237,397,False,F_Lower_Priority
479,501,0.0,0.0,0.0,479,1457,104,3.2553563486616333,3.676194230769231,2.471606216177264,0.116122323746769,0.0015828697789558,0.5062535173845133,False,1.0,False,237,143,False,F_Lower_Priority
481,502,0.0,0.0,0.0,481,1457,104,0.0,0.0,0.0,1.0,0.0,1.0,False,1.0,False,237,475,False,F_Lower_Priority
485,503,0.0,0.0,0.0,485,1439,104,202.92620903405145,176.0055971153846,1.4701869266682144,0.2255020566707656,0.0009531379855046,0.7066228392999713,False,1.0,False,237,192,False,F_Lower_Priority
490,504,0.0,0.0,0.0,490,1462,104,51.38633932968535,50.90006442307693,0.0704379995741529,0.7907350943083443,4.503505587909278e-05,1.0,False,1.0,False,237,403,False,F_Lower_Priority
491,505,0.0,0.0,0.0,491,1451,104,2.438084493452791,2.506693269230769,0.3046293818245142,0.5810740764412058,0.0001961169599718,1.0,False,1.0,False,237,313,False,F_Lower_Priority
492,506,0.0,0.0,0.0,492,215,11,8.188857674418605,7.820790909090909,0.4569464446585586,0.4997518323199524,0.0020357866036069,1.0,False,1.0,False,237,117,False,F_Lower_Priority
494,507,0.0,0.0,0.0,494,1463,104,0.8944098427887902,1.829067307692308,1.93949249202299,0.1639214641291197,0.0012377583827046,0.6007059865601284,False,1.0,False,237,170,False,F_Lower_Priority
495,508,0.0,0.0,0.0,495,1463,104,6.810894736842105,6.764652884615385,0.0195239071662423,0.8888929011586728,1.2475184410159184e-05,1.0,False,1.0,False,237,436,False,F_Lower_Priority
496,509,0.0,0.0,0.0,496,1413,103,29.909042321302195,29.274001941747567,0.0638237558224062,0.8005856264634241,4.215394015827211e-05,1.0,False,1.0,False,237,406,False,F_Lower_Priority
497,510,0.0,0.0,0.0,497,1413,103,11.78714210898797,12.285918446601942,0.97209317008444,0.3243162376257243,0.0006416574763765,0.8580564134492259,False,1.0,False,237,224,False,F_Lower_Priority
498,511,0.0,0.0,0.0,498,1457,104,0.0,0.0,0.0,1.0,0.0,1.0,False,1.0,False,237,475,False,F_Lower_Priority
501,512,0.0,0.0,0.0,501,1457,104,0.0,0.0,0.0,1.0,0.0,1.0,False,1.0,False,237,475,False,F_Lower_Priority
502,513,0.0,0.0,0.0,502,1457,104,0.0,0.0,0.0,1.0,0.0,1.0,False,1.0,False,237,475,False,F_Lower_Priority
503,514,0.0,0.0,0.0,503,1457,104,0.0,0.0,0.0,1.0,0.0,1.0,False,1.0,False,237,475,False,F_Lower_Priority
504,515,0.0,0.0,0.0,504,1457,104,0.0,0.0,0.0,1.0,0.0,1.0,False,1.0,False,237,475,False,F_Lower_Priority
505,516,0.0,0.0,0.0,505,1457,104,0.0,0.0,0.0,1.0,0.0,1.0,False,1.0,False,237,475,False,F_Lower_Priority
506,517,0.0,0.0,0.0,506,1457,104,0.0,0.0,0.0,1.0,0.0,1.0,False,1.0,False,237,475,False,F_Lower_Priority
507,518,0.0,0.0,0.0,507,1457,104,0.0,0.0,0.0,1.0,0.0,1.0,False,1.0,False,237,475,False,F_Lower_Priority
508,519,0.0,0.0,0.0,508,1457,104,0.0,0.0,0.0,1.0,0.0,1.0,False,1.0,False,237,475,False,F_Lower_Priority
509,520,0.0,0.0,0.0,509,1457,104,0.0,0.0,0.0,1.0,0.0,1.0,False,1.0,False,237,475,False,F_Lower_Priority
512,521,0.0,0.0,0.0,512,1457,104,0.0,0.0,0.0,1.0,0.0,1.0,False,1.0,False,237,475,False,F_Lower_Priority
513,522,0.0,0.0,0.0,513,1457,104,0.0,0.0,0.0,1.0,0.0,1.0,False,1.0,False,237,475,False,F_Lower_Priority
514,523,0.0,0.0,0.0,514,1457,104,0.0,0.0,0.0,1.0,0.0,1.0,False,1.0,False,237,475,False,F_Lower_Priority
515,524,0.0,0.0,0.0,515,1457,104,0.0,0.0,0.0,1.0,0.0,1.0,False,1.0,False,237,475,False,F_Lower_Priority
517,525,0.0,0.0,0.0,517,519,30,1.7639612716763005,1.30538,0.2490105627042345,0.6179732532501084,0.0004550224082601,1.0,False,1.0,False,237,259,False,F_Lower_Priority
518,526,0.0,0.0,0.0,518,519,30,1.8153612716763008,1.6490433333333334,0.035212839588541,0.851219952140255,6.437033441733255e-05,1.0,False,1.0,False,237,380,False,F_Lower_Priority
520,527,0.0,0.0,0.0,520,1463,104,2.68430991114149,2.8604375,0.0925766552062358,0.7609671284639353,5.915091323484755e-05,1.0,False,1.0,False,237,382,False,F_Lower_Priority
521,528,0.0,0.0,0.0,521,1463,104,10.600730006835269,25.8089125,2.113298750421685,0.1462247428570036,0.0013485296513703,0.5661594190181092,False,1.0,False,237,162,False,F_Lower_Priority
523,529,0.0,0.0,0.0,523,1463,104,0.465395010252905,0.2921423076923077,0.1693357290462101,0.6807591889216408,0.0001081900374487,1.0,False,1.0,False,237,348,False,F_Lower_Priority
524,530,0.0,0.0,0.0,524,1463,104,5.7199311688311685,5.235524038461539,0.0533289391334155,0.8173989079072227,3.407483831210038e-05,1.0,False,1.0,False,237,412,False,F_Lower_Priority
525,531,0.0,0.0,0.0,525,1439,104,5.548502918693537,5.724975000000001,0.1964263660569712,0.657683187202275,0.000127450571969,1.0,False,1.0,False,237,343,False,F_Lower_Priority
527,532,0.0,0.0,0.0,527,1463,104,6.400965071770335,6.321891346153846,0.1701053619029549,0.6800746762440538,0.0001086817089849,1.0,False,1.0,False,237,347,False,F_Lower_Priority
528,533,0.0,0.0,0.0,528,1454,104,0.0,0.0,0.0,1.0,0.0,1.0,False,1.0,False,237,475,False,F_Lower_Priority
529,534,0.0,0.0,0.0,529,1454,104,0.0,0.0,0.0,1.0,0.0,1.0,False,1.0,False,237,475,False,F_Lower_Priority
530,535,0.0,0.0,0.0,530,1454,104,0.0,0.0,0.0,1.0,0.0,1.0,False,1.0,False,237,475,False,F_Lower_Priority
531,536,0.0,0.0,0.0,531,1454,104,0.0,0.0,0.0,1.0,0.0,1.0,False,1.0,False,237,475,False,F_Lower_Priority
532,537,0.0,0.0,0.0,532,1454,104,0.0,0.0,0.0,1.0,0.0,1.0,False,1.0,False,237,475,False,F_Lower_Priority
533,538,0.0,0.0,0.0,533,1454,104,0.0,0.0,0.0,1.0,0.0,1.0,False,1.0,False,237,475,False,F_Lower_Priority
534,539,0.0,0.0,0.0,534,1454,104,0.0,0.0,0.0,1.0,0.0,1.0,False,1.0,False,237,475,False,F_Lower_Priority
535,540,0.0,0.0,0.0,535,1454,104,0.0,0.0,0.0,1.0,0.0,1.0,False,1.0,False,237,475,False,F_Lower_Priority
536,541,0.0,0.0,0.0,536,1454,104,0.0,0.0,0.0,1.0,0.0,1.0,False,1.0,False,237,475,False,F_Lower_Priority
537,542,0.0,0.0,0.0,537,1454,104,0.0,0.0,0.0,1.0,0.0,1.0,False,1.0,False,237,475,False,F_Lower_Priority
538,543,0.0,0.0,0.0,538,1454,104,0.0,0.0,0.0,1.0,0.0,1.0,False,1.0,False,237,475,False,F_Lower_Priority
539,544,0.0,0.0,0.0,539,1455,104,3.039889896907217,2.9551192307692307,0.4441652568248042,0.5052176214371293,0.000285188558751,1.0,False,1.0,False,237,292,False,F_Lower_Priority
540,545,0.0,0.0,0.0,540,1455,104,1.9417202061855672,1.9583278846153849,0.0499420137402567,0.823193521150101,3.207476677059278e-05,1.0,False,1.0,False,237,416,False,F_Lower_Priority
545,546,0.0,0.0,0.0,545,1461,104,7.627522861054072,7.384951923076924,3.305792773702366,0.0692273646043434,0.0021105666524084,0.3889918582529777,False,1.0,False,237,113,False,F_Lower_Priority
546,547,0.0,0.0,0.0,546,1221,86,1.0410381654381653,1.0196418604651158,0.2428388090379003,0.6222461549072467,0.0001860487579916,1.0,False,1.0,False,237,319,False,F_Lower_Priority
548,549,0.0,0.0,0.0,548,1221,86,75.67141195741195,75.79997674418604,0.1154396146368669,0.7340888913381228,8.845165043098355e-05,1.0,False,1.0,False,237,362,False,F_Lower_Priority
549,550,0.0,0.0,0.0,549,1221,86,0.6624850122850122,0.6742093023255815,0.0243394536133618,0.8760484254606925,1.865057445867485e-05,1.0,False,1.0,False,237,430,False,F_Lower_Priority
550,551,0.0,0.0,0.0,550,1221,86,16.94230139230139,18.02151162790697,3.8010258413914833,0.0514351321246719,0.0029042045095799,0.3376566417089011,False,1.0,False,237,74,False,F_Lower_Priority
551,552,0.0,0.0,0.0,551,1221,86,1.2075757575757575,1.5591860465116278,5.379283226725167,0.0205309985197925,0.0041051345176024,0.2163087344049572,False,1.0,False,237,54,False,F_Lower_Priority
23,553,0.0,0.0,0.0,23,1462,103,-3811.035567647059,-3739.0784786407767,0.2614279792416229,0.6092130253728909,0.0001672324120346,1.0,False,1.0,False,237,328,False,F_Lower_Priority
553,554,0.0,0.0,0.0,553,1221,86,7.672856592956593,8.144241860465119,3.7209760342030207,0.0539495912389143,0.0028432157062834,0.348434466569597,False,1.0,False,237,79,False,F_Lower_Priority
554,555,0.0,0.0,0.0,554,1221,86,0.4934769041769042,0.6481976744186047,5.380852919795481,0.0205126124458699,0.0041063274908251,0.2163087344049572,False,1.0,False,237,53,False,F_Lower_Priority
556,557,0.0,0.0,0.0,556,1221,86,4.199779524979525,4.46003953488372,3.327369318911341,0.0683643645599114,0.002543223811517,0.3883008644017721,False,1.0,False,237,95,False,F_Lower_Priority
558,559,0.0,0.0,0.0,558,1462,104,0.9944912448700408,1.0022865384615385,0.8388885641568875,0.359856031911782,0.0005360862196661,0.903468335438091,False,1.0,False,237,242,False,F_Lower_Priority
1,561,0.0,0.0,0.0,1,1457,103,2495.906115305422,2495.059708737865,0.0106526878605702,0.917808110962072,6.837365227361814e-06,1.0,False,1.0,False,237,450,False,F_Lower_Priority
562,563,0.0,0.0,0.0,562,1214,80,262.8255634266886,261.2747,3.1053630626923887,0.078271268438235,0.0023977686690668,0.4275930405422102,False,1.0,False,237,100,False,F_Lower_Priority
564,565,0.0,0.0,0.0,564,1214,80,6.434481054365734,6.604375,0.3121799499574778,0.5764423726343125,0.0002415669795587,1.0,False,1.0,False,237,298,False,F_Lower_Priority
565,566,0.0,0.0,0.0,565,1214,80,0.1446551070840197,0.1600925,2.7215672821358416,0.0992438391353698,0.0021020483097759,0.4576641743117385,False,1.0,False,237,115,False,F_Lower_Priority
566,567,0.0,0.0,0.0,566,1214,80,2.61009176276771,2.62267375,0.0111311700042786,0.915991987486826,8.615382434203928e-06,1.0,False,1.0,False,237,447,False,F_Lower_Priority
567,568,0.0,0.0,0.0,567,1214,80,0.0597004942339374,0.0659425,2.728285778242153,0.0988280468115682,0.002107226518653,0.4576641743117385,False,1.0,False,237,114,False,F_Lower_Priority
568,569,0.0,0.0,0.0,568,1214,80,2.447583031301482,2.52577125,0.4617383438066741,0.4969343933903898,0.0003572549423384,1.0,False,1.0,False,237,283,False,F_Lower_Priority
569,570,0.0,0.0,0.0,569,1214,80,20.981064250411865,23.1907275,3.5199822843833783,0.0608583859392317,0.0027170420622741,0.3667837061225796,False,1.0,False,237,86,False,F_Lower_Priority
570,571,0.0,0.0,0.0,570,1463,104,530.5313482570061,530.4149557692308,0.0042925894243146,0.9477700579766112,2.742861118424236e-06,1.0,False,1.0,False,237,461,False,F_Lower_Priority
572,573,0.0,0.0,0.0,572,1463,104,29.191639644565964,18.01961346153846,1.6277132523949476,0.2022089537555939,0.0010389917391514,0.681733044090288,False,1.0,False,237,183,False,F_Lower_Priority
574,575,0.0,0.0,0.0,574,1463,104,9.41139090909091,5.658487500000001,1.8881422733544169,0.1696083596334623,0.0012050268442359,0.6093527663098549,False,1.0,False,237,174,False,F_Lower_Priority
575,576,0.0,0.0,0.0,575,1463,104,0.105681954887218,0.0913259615384615,4.363765762455702,0.0368722745522293,0.0027805954601835,0.2889099949011545,False,1.0,False,237,81,False,F_Lower_Priority
576,577,0.0,0.0,0.0,576,1463,104,5.69223014354067,3.7563278846153847,1.271100009839663,0.2597332434501083,0.0008115453383719,0.7511892825272741,False,1.0,False,237,209,False,F_Lower_Priority
579,580,0.0,0.0,0.0,579,573,45,0.0167209424083769,0.0182111111111111,0.996968326844438,0.3184372519030659,0.0016158399117389,0.8580564134492259,False,1.0,False,237,142,False,F_Lower_Priority
580,581,0.0,0.0,0.0,580,573,45,0.0053720767888307,0.0056999999999999,0.4616926467738231,0.4970892114265917,0.0007489397188518,1.0,False,1.0,False,237,215,False,F_Lower_Priority
582,583,0.0,0.0,0.0,582,1462,104,0.5000534883720931,0.5006961538461538,3.465616630559744,0.0628446060785313,0.0022109681984661,0.3671120553102328,False,1.0,False,237,110,False,F_Lower_Priority
586,587,0.0,0.0,0.0,586,1462,104,0.021444733242134,0.0216509615384615,0.0270213238073664,0.8694519564611405,1.727676276621847e-05,1.0,False,1.0,False,237,431,False,F_Lower_Priority
589,590,0.0,0.0,0.0,589,1462,104,99.73649466484268,98.7362375,0.0110123834755585,0.9164369507987236,7.041116327420105e-06,1.0,False,1.0,False,237,449,False,F_Lower_Priority
10,1067,0.0,0.0,0.0,10,1461,104,6.228610540725506e-05,0.0013182692307692,1.7708767939284131,0.1834677035473938,0.0011317163555323,0.6405085508459313,False,1.0,False,237,177,False,F_Lower_Priority
11,1068,0.0,0.0,0.0,11,1461,104,0.9644611225188228,0.9628307692307692,1.665081388016168,0.1971094962960087,0.0010641775085432,0.6710723546984164,False,1.0,False,237,182,False,F_Lower_Priority
25,1069,0.0,0.0,0.0,25,1462,103,1.2055668946648426,1.1794000000000002,2.090205582086442,0.1484465939602801,0.0013355176427731,0.5661594190181092,False,1.0,False,237,164,False,F_Lower_Priority
13,1070,0.0,0.0,0.0,13,1460,104,0.0,0.0,0.0,1.0,0.0,1.0,False,1.0,False,237,475,False,F_Lower_Priority
29,1071,0.0,0.0,0.0,29,1462,103,2.364332968536252,2.3926621359223303,0.4621591416091701,0.4967172913519221,0.0002955998256222,1.0,False,1.0,False,237,291,False,F_Lower_Priority
30,1072,0.0,0.0,0.0,30,1462,103,0.183832147742818,0.1887970873786407,2.187139917589662,0.1393690196962206,0.0013973663990778,0.5591877451919242,False,1.0,False,237,157,False,F_Lower_Priority
32,1073,0.0,0.0,0.0,32,1462,104,85.30929938440491,85.73346442307692,4.262346580563327,0.0391305984079888,0.0027178785423607,0.2889099949011545,False,1.0,False,237,85,False,F_Lower_Priority
17,1074,0.0,0.0,0.0,17,1460,104,0.9714751369863016,0.9710057692307692,0.1469164693217681,0.7015518387039044,9.404779267107577e-05,1.0,False,1.0,False,237,357,False,F_Lower_Priority
18,1075,0.0,0.0,0.0,18,1460,104,190.0539228767123,189.95513076923075,0.122443390437455,0.7264465717020391,7.838270998251573e-05,1.0,False,1.0,False,237,370,False,F_Lower_Priority
34,1076,0.0,0.0,0.0,34,1462,104,50.58183891928865,50.59387980769231,0.010058706076775,0.9201244887101973,6.431356384685974e-06,1.0,False,1.0,False,237,453,False,F_Lower_Priority
20,1077,0.0,0.0,0.0,20,1463,104,1.4049505126452493,1.4065134615384616,0.846650098218159,0.3576435435649858,0.0005406979656439,0.903468335438091,False,1.0,False,237,240,False,F_Lower_Priority
35,1078,0.0,0.0,0.0,35,1462,104,64.56421757865937,64.43727307692308,0.2359038308057569,0.627248399049146,0.0001508109040509,1.0,False,1.0,False,237,334,False,F_Lower_Priority
22,1079,0.0,0.0,0.0,22,1462,103,2705.15817373461,2617.339805825243,8.539231629849724,0.0035256647757522,0.0054336738517139,0.0562200599376708,False,1.0,False,237,42,False,F_Lower_Priority
5,1080,0.0,0.0,0.0,5,1449,104,100.0,100.0,0.0,1.0,0.0,1.0,False,1.0,False,237,475,False,F_Lower_Priority
37,1081,0.0,0.0,0.0,37,1462,104,66.2179221614227,66.26838653846153,2.675926936551761,0.1020772034726198,0.0017080283743066,0.4632734619141979,False,1.0,False,237,140,False,F_Lower_Priority
7,1096,0.0,0.0,0.0,7,1454,104,0.1217903713892709,0.1222567307692307,0.2627376116456748,0.6083183389376644,0.0001688259991682,1.0,False,1.0,False,237,326,False,F_Lower_Priority
